{
"type": "FeatureCollection",
"name": "for_sale",
"features": [
{ "type": "Feature", "properties": { "status": "lingering", "address": "632 South St, Holyoke, MA 01040", "price": "1029000", "dom": "188", "pid": "F_356122_2898942", "hoa": "", "flood_ok": 500, "nri_heat": 26.4, "nri_wildfire": 0.0, "nri_drought": 0.0, "nri_risk": 32.0, "pm25": 7.57, "ozone": 57.42, "heat_2050": 1036.0, "precip1in_2050": 7.6 }, "geometry": { "type": "Polygon", "coordinates": [ [ [ -72.607156, 42.19746 ], [ -72.607368, 42.19764 ], [ -72.60751, 42.197549 ], [ -72.607297, 42.197363 ], [ -72.607156, 42.19746 ] ] ] } },
{ "type": "Feature", "properties": { "status": "lingering", "address": "9 Owens Pl, Holyoke, MA 01040", "price": "267500", "dom": "152", "pid": "F_353979_2904083", "hoa": "", "flood_ok": 1000, "nri_heat": 38.0, "nri_wildfire": 18.5, "nri_drought": 0.0, "nri_risk": 31.7, "pm25": 7.54, "ozone": 57.2, "heat_2050": 1036.0, "precip1in_2050": 7.6 }, "geometry": { "type": "Polygon", "coordinates": [ [ [ -72.615523, 42.211605 ], [ -72.615598, 42.21148 ], [ -72.615597, 42.211393 ], [ -72.615414, 42.211456 ], [ -72.615523, 42.211605 ] ] ] } },
{ "type": "Feature", "properties": { "status": "lingering", "address": "113 Pearl St, South Hadley, MA 01075", "price": "898000", "dom": "319", "pid": "M_112050_893249", "hoa": "", "flood_ok": 1000, "nri_heat": 17.0, "nri_wildfire": 53.4, "nri_drought": 85.5, "nri_risk": 10.3, "pm25": 7.45, "ozone": 56.64, "heat_2050": 948.0, "precip1in_2050": 7.7 }, "geometry": { "type": "Polygon", "coordinates": [ [ [ -72.566064, 42.284353 ], [ -72.566173, 42.285632 ], [ -72.566726, 42.285611 ], [ -72.566578, 42.283867 ], [ -72.566025, 42.283902 ], [ -72.566064, 42.284353 ] ] ] } },
{ "type": "Feature", "properties": { "status": "lingering", "address": "125 Pearl St, South Hadley, MA 01075", "price": "997000", "dom": "319", "pid": "M_111924_893234", "hoa": "", "flood_ok": 1000, "nri_heat": 17.0, "nri_wildfire": 53.4, "nri_drought": 85.5, "nri_risk": 10.3, "pm25": 7.45, "ozone": 56.64, "heat_2050": 948.0, "precip1in_2050": 7.7 }, "geometry": { "type": "Polygon", "coordinates": [ [ [ -72.567124, 42.283757 ], [ -72.56728, 42.285591 ], [ -72.568732, 42.285537 ], [ -72.568415, 42.283497 ], [ -72.567124, 42.283757 ] ] ] } },
{ "type": "Feature", "properties": { "status": "lingering", "address": "3 Elizabeth Ln, Unit 3, Easthampton, MA 01027", "price": "659900", "dom": "259", "pid": "M_103575_891379", "hoa": "475", "flood_ok": 500, "nri_heat": 30.6, "nri_wildfire": 53.6, "nri_drought": 0.0, "nri_risk": 38.3, "pm25": 7.35, "ozone": 55.98, "heat_2050": 948.0, "precip1in_2050": 7.7 }, "geometry": { "type": "Polygon", "coordinates": [ [ [ -72.668672, 42.267282 ], [ -72.669409, 42.267385 ], [ -72.668826, 42.266507 ], [ -72.668346, 42.266713 ], [ -72.668672, 42.267282 ] ] ] } },
{ "type": "Feature", "properties": { "status": "lingering", "address": "12 School St, Northampton, MA 01060", "price": "620000", "dom": "361", "pid": "M_106508_896616", "hoa": "", "flood_ok": 500, "nri_heat": 31.9, "nri_wildfire": 23.5, "nri_drought": 80.0, "nri_risk": 39.2, "pm25": 7.36, "ozone": 55.68, "heat_2050": 948.0, "precip1in_2050": 7.7 }, "geometry": { "type": "Polygon", "coordinates": [ [ [ -72.633982, 42.314528 ], [ -72.634231, 42.314527 ], [ -72.634239, 42.31435 ], [ -72.633982, 42.314352 ], [ -72.633982, 42.314528 ] ] ] } },
{ "type": "Feature", "properties": { "status": "lingering", "address": "36 Torrey, Easthampton, MA 01027", "price": "355000", "dom": "388", "pid": "M_99783_893027", "hoa": "", "flood_ok": 1000, "nri_heat": 22.7, "nri_wildfire": 61.5, "nri_drought": 79.7, "nri_risk": 14.3, "pm25": 7.36, "ozone": 56.11, "heat_2050": 948.0, "precip1in_2050": 7.7 }, "geometry": { "type": "Polygon", "coordinates": [ [ [ -72.714765, 42.281011 ], [ -72.714414, 42.281571 ], [ -72.715751, 42.281252 ], [ -72.715102, 42.281055 ], [ -72.714765, 42.281011 ] ] ] } },
{ "type": "Feature", "properties": { "status": "lingering", "address": "277 River Dr, Hadley, MA 01035", "price": "259000", "dom": "175", "pid": "M_111532_905160", "hoa": "", "flood_ok": 500, "nri_heat": 31.2, "nri_wildfire": 57.9, "nri_drought": 96.9, "nri_risk": 58.6, "pm25": 7.33, "ozone": 55.52, "heat_2050": 948.0, "precip1in_2050": 7.7 }, "geometry": { "type": "Polygon", "coordinates": [ [ [ -72.573895, 42.391805 ], [ -72.574753, 42.392529 ], [ -72.575193, 42.392246 ], [ -72.574028, 42.391217 ], [ -72.573895, 42.391805 ] ] ] } },
{ "type": "Feature", "properties": { "status": "lingering", "address": "17 Adams St, Easthampton, MA 01027", "price": "1150000", "dom": "171", "pid": "M_103843_891305", "hoa": "", "flood_ok": 1000, "nri_heat": 33.0, "nri_wildfire": 50.1, "nri_drought": 82.6, "nri_risk": 48.5, "pm25": 7.41, "ozone": 56.31, "heat_2050": 948.0, "precip1in_2050": 7.7 }, "geometry": { "type": "Polygon", "coordinates": [ [ [ -72.665292, 42.266123 ], [ -72.665404, 42.266589 ], [ -72.665855, 42.266058 ], [ -72.665292, 42.266123 ] ] ] } },
{ "type": "Feature", "properties": { "status": "lingering", "address": "64-66 Pleasant St, Easthampton, MA 01027", "price": "995000", "dom": "168", "pid": "M_103768_891970", "hoa": "", "flood_ok": 1000, "nri_heat": 30.6, "nri_wildfire": 53.6, "nri_drought": 0.0, "nri_risk": 38.3, "pm25": 7.35, "ozone": 55.98, "heat_2050": 948.0, "precip1in_2050": 7.7 }, "geometry": { "type": "Polygon", "coordinates": [ [ [ -72.666622, 42.272154 ], [ -72.666476, 42.272177 ], [ -72.666525, 42.272406 ], [ -72.666689, 42.272378 ], [ -72.666622, 42.272154 ] ] ] } },
{ "type": "Feature", "properties": { "status": "lingering", "address": "351 Pleasant St, Apt 9, Northampton, MA 01060", "price": "329900", "dom": "15", "pid": "M_107185_896738", "hoa": "297", "flood_ok": 500, "nri_heat": 31.9, "nri_wildfire": 23.5, "nri_drought": 80.0, "nri_risk": 39.2, "pm25": 7.36, "ozone": 55.68, "heat_2050": 948.0, "precip1in_2050": 7.7 }, "geometry": { "type": "Polygon", "coordinates": [ [ [ -72.625564, 42.315522 ], [ -72.625791, 42.316047 ], [ -72.626359, 42.315718 ], [ -72.625846, 42.315171 ], [ -72.625564, 42.315522 ] ] ] } },
{ "type": "Feature", "properties": { "status": "lingering", "address": "9 Mill Valley Rd, Hadley, MA 01035", "price": "1295000", "dom": "131", "pid": "M_112073_900189", "hoa": "", "flood_ok": 500, "nri_heat": 31.2, "nri_wildfire": 57.9, "nri_drought": 96.9, "nri_risk": 58.6, "pm25": 7.33, "ozone": 55.52, "heat_2050": 948.0, "precip1in_2050": 7.7 }, "geometry": { "type": "Polygon", "coordinates": [ [ [ -72.564983, 42.348262 ], [ -72.565591, 42.348247 ], [ -72.565608, 42.348941 ], [ -72.565804, 42.348235 ], [ -72.568689, 42.348131 ], [ -72.568726, 42.345866 ], [ -72.565639, 42.346322 ], [ -72.565546, 42.347549 ], [ -72.564983, 42.348262 ] ] ] } },
{ "type": "Feature", "properties": { "status": "lingering", "address": "Westhampton Rd, Northampton, MA 01062", "price": "1560000", "dom": "130", "pid": "M_100381_895104", "hoa": "", "flood_ok": 1000, "nri_heat": 24.4, "nri_wildfire": 59.5, "nri_drought": 93.7, "nri_risk": 27.9, "pm25": 7.33, "ozone": 55.61, "heat_2050": 948.0, "precip1in_2050": 7.7 }, "geometry": { "type": "Polygon", "coordinates": [ [ [ -72.708421, 42.300382 ], [ -72.708371, 42.299697 ], [ -72.707914, 42.299747 ], [ -72.707964, 42.300432 ], [ -72.708421, 42.300382 ] ] ] } },
{ "type": "Feature", "properties": { "status": "lingering", "address": "33 Landy Ave, Northampton, MA 01062", "price": "849900", "dom": "123", "pid": "M_103529_898363", "hoa": "", "flood_ok": 500, "nri_heat": 24.4, "nri_wildfire": 40.6, "nri_drought": 69.1, "nri_risk": 38.9, "pm25": 7.29, "ozone": 55.29, "heat_2050": 948.0, "precip1in_2050": 7.7 }, "geometry": { "type": "Polygon", "coordinates": [ [ [ -72.670328, 42.329686 ], [ -72.670269, 42.329816 ], [ -72.670807, 42.32979 ], [ -72.670328, 42.329686 ] ] ] } },
{ "type": "Feature", "properties": { "status": "lingering", "address": "63 Dryads Grn, Northampton, MA 01060", "price": "1175000", "dom": "116", "pid": "M_105563_897177", "hoa": "", "flood_ok": 1000, "nri_heat": 7.1, "nri_wildfire": 21.9, "nri_drought": 0.0, "nri_risk": 0.9, "pm25": 7.36, "ozone": 55.64, "heat_2050": 948.0, "precip1in_2050": 7.7 }, "geometry": { "type": "Polygon", "coordinates": [ [ [ -72.64542, 42.319388 ], [ -72.645677, 42.31955 ], [ -72.645912, 42.319364 ], [ -72.645666, 42.319193 ], [ -72.64542, 42.319388 ] ] ] } },
{ "type": "Feature", "properties": { "status": "lingering", "address": "5 Deer Meadow Way, Unit 5, South Hadley, MA 01075", "price": "589000", "dom": "113", "pid": "M_110638_891020", "hoa": "400", "flood_ok": 1000, "nri_heat": 17.0, "nri_wildfire": 53.4, "nri_drought": 85.5, "nri_risk": 10.3, "pm25": 7.45, "ozone": 56.64, "heat_2050": 948.0, "precip1in_2050": 7.7 }, "geometry": { "type": "Polygon", "coordinates": [ [ [ -72.582751, 42.264519 ], [ -72.58303, 42.264825 ], [ -72.583547, 42.264592 ], [ -72.583247, 42.264269 ], [ -72.582751, 42.264519 ] ] ] } },
{ "type": "Feature", "properties": { "status": "lingering", "address": "15 Tiffany Ln, Northampton, MA 01062", "price": "599000", "dom": "112", "pid": "M_99806_895311", "hoa": "", "flood_ok": 1000, "nri_heat": 24.4, "nri_wildfire": 59.5, "nri_drought": 93.7, "nri_risk": 27.9, "pm25": 7.33, "ozone": 55.61, "heat_2050": 948.0, "precip1in_2050": 7.7 }, "geometry": { "type": "Polygon", "coordinates": [ [ [ -72.714458, 42.301745 ], [ -72.715817, 42.302057 ], [ -72.715887, 42.301704 ], [ -72.714505, 42.30135 ], [ -72.714458, 42.301745 ] ] ] } },
{ "type": "Feature", "properties": { "status": "gone", "address": "310 South St, Northampton, MA 01060", "price": "1049999", "dom": "102", "pid": "M_105895_895871", "hoa": "", "flood_ok": 1000, "nri_heat": 24.4, "nri_wildfire": 59.5, "nri_drought": 93.7, "nri_risk": 27.9, "pm25": 7.33, "ozone": 55.61, "heat_2050": 948.0, "precip1in_2050": 7.7 }, "geometry": { "type": "Polygon", "coordinates": [ [ [ -72.641396, 42.307511 ], [ -72.641111, 42.307681 ], [ -72.641282, 42.307876 ], [ -72.641742, 42.307652 ], [ -72.641396, 42.307511 ] ] ] } },
{ "type": "Feature", "properties": { "status": "lingering", "address": "827-831 Armory St, Springfield, MA 01107", "price": "430000", "dom": "147", "pid": "F_358373_2873700", "hoa": "", "flood_ok": 1000, "nri_heat": 61.6, "nri_wildfire": 38.0, "nri_drought": 0.0, "nri_risk": 25.3, "pm25": 7.78, "ozone": 58.08, "heat_2050": 1036.0, "precip1in_2050": 7.6 }, "geometry": { "type": "Polygon", "coordinates": [ [ [ -72.597587, 42.128353 ], [ -72.597803, 42.128498 ], [ -72.598077, 42.128277 ], [ -72.597857, 42.128133 ], [ -72.597587, 42.128353 ] ] ] } },
{ "type": "Feature", "properties": { "status": "lingering", "address": "8 Emerald Ave, Westfield, MA 01085", "price": "549900", "dom": "131", "pid": "F_323201_2881562", "hoa": "", "flood_ok": 500, "nri_heat": 47.2, "nri_wildfire": 66.3, "nri_drought": 86.5, "nri_risk": 75.5, "pm25": 7.49, "ozone": 57.17, "heat_2050": 1036.0, "precip1in_2050": 7.6 }, "geometry": { "type": "Polygon", "coordinates": [ [ [ -72.728183, 42.14879 ], [ -72.728392, 42.148548 ], [ -72.727421, 42.148603 ], [ -72.72775, 42.148683 ], [ -72.728183, 42.14879 ] ] ] } },
{ "type": "Feature", "properties": { "status": "lingering", "address": "4 Ladyslipper Ln, Hadley, MA 01035", "price": "499000", "dom": "114", "pid": "M_112639_907708", "hoa": "", "flood_ok": 1000, "nri_heat": 31.2, "nri_wildfire": 57.9, "nri_drought": 96.9, "nri_risk": 58.6, "pm25": 7.33, "ozone": 55.52, "heat_2050": 948.0, "precip1in_2050": 7.7 }, "geometry": { "type": "Polygon", "coordinates": [ [ [ -72.561106, 42.414806 ], [ -72.561186, 42.415249 ], [ -72.561734, 42.415215 ], [ -72.561653, 42.41475 ], [ -72.561106, 42.414806 ] ] ] } },
{ "type": "Feature", "properties": { "status": "lingering", "address": "137 Carroll St, Springfield, MA 01108", "price": "329900", "dom": "446", "pid": "F_371802_2855237", "hoa": "", "flood_ok": 1000, "nri_heat": 65.3, "nri_wildfire": 0.0, "nri_drought": 0.0, "nri_risk": 76.9, "pm25": 7.84, "ozone": 58.63, "heat_2050": 1036.0, "precip1in_2050": 7.6 }, "geometry": { "type": "Polygon", "coordinates": [ [ [ -72.547312, 42.078048 ], [ -72.547387, 42.07835 ], [ -72.547681, 42.078185 ], [ -72.547459, 42.077966 ], [ -72.547312, 42.078048 ] ] ] } },
{ "type": "Feature", "properties": { "status": "gone", "address": "34 Sumner Ave, Apt 208, Springfield, MA 01108", "price": "179000", "dom": "273", "pid": "F_364254_2857231", "hoa": "352", "flood_ok": 500, "nri_heat": 60.1, "nri_wildfire": 47.6, "nri_drought": 0.0, "nri_risk": 73.9, "pm25": 7.84, "ozone": 58.55, "heat_2050": 1036.0, "precip1in_2050": 7.6 }, "geometry": { "type": "Polygon", "coordinates": [ [ [ -72.575178, 42.083754 ], [ -72.57597, 42.083646 ], [ -72.575763, 42.083132 ], [ -72.574881, 42.08302 ], [ -72.575178, 42.083754 ] ] ] } },
{ "type": "Feature", "properties": { "status": "gone", "address": "38 Manchester Ter, Springfield, MA 01108", "price": "375000", "dom": "203", "pid": "F_373517_2856206", "hoa": "", "flood_ok": 1000, "nri_heat": 15.9, "nri_wildfire": 25.2, "nri_drought": 0.0, "nri_risk": 5.7, "pm25": 7.85, "ozone": 58.78, "heat_2050": 1036.0, "precip1in_2050": 7.6 }, "geometry": { "type": "Polygon", "coordinates": [ [ [ -72.54103, 42.080783 ], [ -72.541052, 42.08092 ], [ -72.541418, 42.080886 ], [ -72.541396, 42.08075 ], [ -72.54103, 42.080783 ] ] ] } },
{ "type": "Feature", "properties": { "status": "lingering", "address": "270 Maple St, Springfield, MA 01105", "price": "1099000", "dom": "210", "pid": "F_363862_2862219", "hoa": "", "flood_ok": 1000, "nri_heat": 30.2, "nri_wildfire": 21.3, "nri_drought": 0.0, "nri_risk": 25.9, "pm25": 7.83, "ozone": 58.4, "heat_2050": 1036.0, "precip1in_2050": 7.6 }, "geometry": { "type": "Polygon", "coordinates": [ [ [ -72.577713, 42.09621 ], [ -72.57614, 42.097538 ], [ -72.576372, 42.097793 ], [ -72.577602, 42.096841 ], [ -72.577713, 42.09621 ] ] ] } },
{ "type": "Feature", "properties": { "status": "gone", "address": "80 Yorktown Dr, Unit 80, Springfield, MA 01108", "price": "254900", "dom": "179", "pid": "F_370329_2851764", "hoa": "433", "flood_ok": 500, "nri_heat": 15.9, "nri_wildfire": 25.2, "nri_drought": 0.0, "nri_risk": 5.7, "pm25": 7.85, "ozone": 58.78, "heat_2050": 1036.0, "precip1in_2050": 7.6 }, "geometry": { "type": "Polygon", "coordinates": [ [ [ -72.552268, 42.069189 ], [ -72.553172, 42.069993 ], [ -72.554378, 42.070116 ], [ -72.555057, 42.069226 ], [ -72.553771, 42.068466 ], [ -72.555091, 42.069163 ], [ -72.55541, 42.066721 ], [ -72.5482, 42.065575 ], [ -72.55103, 42.068089 ], [ -72.552268, 42.069189 ] ] ] } },
{ "type": "Feature", "properties": { "status": "gone", "address": "235 State St, Apt 111, Springfield, MA 01103", "price": "247000", "dom": "181", "pid": "F_362223_2864615", "hoa": "497", "flood_ok": 500, "nri_heat": 37.4, "nri_wildfire": 28.3, "nri_drought": 0.0, "nri_risk": 28.7, "pm25": 7.82, "ozone": 58.34, "heat_2050": 1036.0, "precip1in_2050": 7.6 }, "geometry": { "type": "Polygon", "coordinates": [ [ [ -72.58234, 42.10369 ], [ -72.583063, 42.10418 ], [ -72.584077, 42.103373 ], [ -72.583385, 42.102845 ], [ -72.58234, 42.10369 ] ] ] } },
{ "type": "Feature", "properties": { "status": "lingering", "address": "58 Appleton St, Springfield, MA 01108", "price": "305000", "dom": "148", "pid": "F_370263_2855267", "hoa": "", "flood_ok": 1000, "nri_heat": 65.3, "nri_wildfire": 0.0, "nri_drought": 0.0, "nri_risk": 76.9, "pm25": 7.84, "ozone": 58.63, "heat_2050": 1036.0, "precip1in_2050": 7.6 }, "geometry": { "type": "Polygon", "coordinates": [ [ [ -72.55296, 42.078177 ], [ -72.55307, 42.078287 ], [ -72.553371, 42.078119 ], [ -72.553261, 42.078009 ], [ -72.55296, 42.078177 ] ] ] } },
{ "type": "Feature", "properties": { "status": "lingering", "address": "186 Tanglewood Dr, Longmeadow, MA 01106", "price": "1325500", "dom": "147", "pid": "F_367324_2849868", "hoa": "", "flood_ok": 1000, "nri_heat": 30.8, "nri_wildfire": 45.3, "nri_drought": 76.9, "nri_risk": 49.1, "pm25": 7.83, "ozone": 58.91, "heat_2050": 1036.0, "precip1in_2050": 7.6 }, "geometry": { "type": "Polygon", "coordinates": [ [ [ -72.563252, 42.063279 ], [ -72.563868, 42.06351 ], [ -72.564236, 42.06321 ], [ -72.563481, 42.06294 ], [ -72.563252, 42.063279 ] ] ] } },
{ "type": "Feature", "properties": { "status": "lingering", "address": "31 Buena Vista Plz, Springfield, MA 01108", "price": "399900", "dom": "141", "pid": "F_363908_2855926", "hoa": "", "flood_ok": 1000, "nri_heat": 60.1, "nri_wildfire": 47.6, "nri_drought": 0.0, "nri_risk": 73.9, "pm25": 7.84, "ozone": 58.55, "heat_2050": 1036.0, "precip1in_2050": 7.6 }, "geometry": { "type": "Polygon", "coordinates": [ [ [ -72.576202, 42.079634 ], [ -72.576642, 42.080239 ], [ -72.577048, 42.079981 ], [ -72.576698, 42.079323 ], [ -72.576202, 42.079634 ] ] ] } },
{ "type": "Feature", "properties": { "status": "lingering", "address": "288 Saint James Ave, Springfield, MA 01109", "price": "399900", "dom": "132", "pid": "F_365426_2869659", "hoa": "", "flood_ok": 500, "nri_heat": 46.4, "nri_wildfire": 20.0, "nri_drought": 0.0, "nri_risk": 37.0, "pm25": 7.8, "ozone": 58.21, "heat_2050": 1036.0, "precip1in_2050": 7.6 }, "geometry": { "type": "Polygon", "coordinates": [ [ [ -72.571378, 42.117519 ], [ -72.571873, 42.117591 ], [ -72.571919, 42.11743 ], [ -72.571422, 42.117355 ], [ -72.571378, 42.117519 ] ] ] } },
{ "type": "Feature", "properties": { "status": "lingering", "address": "27 Mattoon St, Springfield, MA 01105", "price": "377900", "dom": "130", "pid": "F_361134_2865195", "hoa": "", "flood_ok": 1000, "nri_heat": 32.3, "nri_wildfire": 34.9, "nri_drought": 0.0, "nri_risk": 39.6, "pm25": 7.82, "ozone": 58.19, "heat_2050": 1036.0, "precip1in_2050": 7.6 }, "geometry": { "type": "Polygon", "coordinates": [ [ [ -72.587129, 42.105036 ], [ -72.587328, 42.105161 ], [ -72.587384, 42.105114 ], [ -72.587185, 42.104988 ], [ -72.587129, 42.105036 ] ] ] } },
{ "type": "Feature", "properties": { "status": "lingering", "address": "164 Arnold Ave, Springfield, MA 01119", "price": "319000", "dom": "119", "pid": "F_378581_2874176", "hoa": "", "flood_ok": 500, "nri_heat": 42.1, "nri_wildfire": 43.1, "nri_drought": 0.0, "nri_risk": 23.9, "pm25": 7.75, "ozone": 58.35, "heat_2050": 1036.0, "precip1in_2050": 7.6 }, "geometry": { "type": "Polygon", "coordinates": [ [ [ -72.523167, 42.130262 ], [ -72.523194, 42.130398 ], [ -72.523558, 42.130358 ], [ -72.523532, 42.130222 ], [ -72.523167, 42.130262 ] ] ] } },
{ "type": "Feature", "properties": { "status": "lingering", "address": "50 Bellevue Ave, Springfield, MA 01108", "price": "375000", "dom": "120", "pid": "F_365438_2859624", "hoa": "", "flood_ok": 1000, "nri_heat": 35.2, "nri_wildfire": 23.9, "nri_drought": 0.0, "nri_risk": 16.8, "pm25": 7.83, "ozone": 58.47, "heat_2050": 1036.0, "precip1in_2050": 7.6 }, "geometry": { "type": "Polygon", "coordinates": [ [ [ -72.570811, 42.090056 ], [ -72.571381, 42.090141 ], [ -72.571463, 42.089818 ], [ -72.570896, 42.089733 ], [ -72.570811, 42.090056 ] ] ] } },
{ "type": "Feature", "properties": { "status": "gone", "address": "91 Spikenard Cir, Springfield, MA 01129", "price": "365000", "dom": "110", "pid": "F_389940_2872663", "hoa": "", "flood_ok": 500, "nri_heat": 35.3, "nri_wildfire": 40.2, "nri_drought": 0.0, "nri_risk": 31.5, "pm25": 7.65, "ozone": 58.48, "heat_2050": 1036.0, "precip1in_2050": 7.6 }, "geometry": { "type": "Polygon", "coordinates": [ [ [ -72.481212, 42.126619 ], [ -72.481676, 42.126627 ], [ -72.481634, 42.126382 ], [ -72.481175, 42.126423 ], [ -72.481212, 42.126619 ] ] ] } },
{ "type": "Feature", "properties": { "status": "gone", "address": "725 Bay St, Springfield, MA 01109", "price": "250000", "dom": "109", "pid": "F_369107_2872901", "hoa": "", "flood_ok": 500, "nri_heat": 47.2, "nri_wildfire": 39.2, "nri_drought": 0.0, "nri_risk": 39.4, "pm25": 7.76, "ozone": 58.27, "heat_2050": 1036.0, "precip1in_2050": 7.6 }, "geometry": { "type": "Polygon", "coordinates": [ [ [ -72.558037, 42.126519 ], [ -72.558359, 42.126603 ], [ -72.558424, 42.126475 ], [ -72.558098, 42.126389 ], [ -72.558037, 42.126519 ] ] ] } },
{ "type": "Feature", "properties": { "status": "lingering", "address": "59-61 Carlisle St, Springfield, MA 01109", "price": "375000", "dom": "117", "pid": "F_371620_2867422", "hoa": "", "flood_ok": 1000, "nri_heat": 54.9, "nri_wildfire": 36.5, "nri_drought": 0.0, "nri_risk": 41.1, "pm25": 7.8, "ozone": 58.39, "heat_2050": 1036.0, "precip1in_2050": 7.6 }, "geometry": { "type": "Polygon", "coordinates": [ [ [ -72.548518, 42.111477 ], [ -72.548569, 42.111655 ], [ -72.548907, 42.111616 ], [ -72.548871, 42.111437 ], [ -72.548518, 42.111477 ] ] ] } },
{ "type": "Feature", "properties": { "status": "lingering", "address": "101 Mulberry St, Apt 113, Springfield, MA 01105", "price": "175000", "dom": "115", "pid": "F_363937_2864281", "hoa": "480", "flood_ok": 500, "nri_heat": 37.4, "nri_wildfire": 28.3, "nri_drought": 0.0, "nri_risk": 28.7, "pm25": 7.82, "ozone": 58.34, "heat_2050": 1036.0, "precip1in_2050": 7.6 }, "geometry": { "type": "Polygon", "coordinates": [ [ [ -72.576739, 42.102322 ], [ -72.576351, 42.102884 ], [ -72.576817, 42.103204 ], [ -72.577488, 42.102621 ], [ -72.576739, 42.102322 ] ] ] } },
{ "type": "Feature", "properties": { "status": "lingering", "address": "38 Oxford St, Springfield, MA 01108", "price": "399000", "dom": "111", "pid": "F_365197_2858251", "hoa": "", "flood_ok": 1000, "nri_heat": 60.1, "nri_wildfire": 47.6, "nri_drought": 0.0, "nri_risk": 73.9, "pm25": 7.84, "ozone": 58.55, "heat_2050": 1036.0, "precip1in_2050": 7.6 }, "geometry": { "type": "Polygon", "coordinates": [ [ [ -72.571681, 42.086109 ], [ -72.572117, 42.08635 ], [ -72.572246, 42.086216 ], [ -72.571813, 42.085977 ], [ -72.571681, 42.086109 ] ] ] } },
{ "type": "Feature", "properties": { "status": "lingering", "address": "29 Englewood Rd, Longmeadow, MA 01106", "price": "835000", "dom": "109", "pid": "F_362709_2850589", "hoa": "", "flood_ok": 1000, "nri_heat": 37.9, "nri_wildfire": 43.2, "nri_drought": 85.7, "nri_risk": 49.0, "pm25": 7.81, "ozone": 58.73, "heat_2050": 1036.0, "precip1in_2050": 7.6 }, "geometry": { "type": "Polygon", "coordinates": [ [ [ -72.580601, 42.065244 ], [ -72.580927, 42.065244 ], [ -72.580938, 42.064865 ], [ -72.580628, 42.06485 ], [ -72.580601, 42.065244 ] ] ] } },
{ "type": "Feature", "properties": { "status": "lingering", "address": "573 S Main St, Brattleboro, VT 05301", "price": "319000", "dom": "1478", "pid": "081-025-11722", "hoa": "", "flood_ok": 1000, "nri_heat": 47.4, "nri_wildfire": 52.3, "nri_drought": 0.0, "nri_risk": 72.0, "pm25": 6.46, "ozone": 51.91, "heat_2050": 605.0, "precip1in_2050": 7.6 }, "geometry": { "type": "Polygon", "coordinates": [ [ [ -72.556368, 42.835775 ], [ -72.55759, 42.836222 ], [ -72.557785, 42.836039 ], [ -72.556424, 42.835657 ], [ -72.556368, 42.835775 ] ] ] } },
{ "type": "Feature", "properties": { "status": "lingering", "address": "Huckle Hill Rd, Vernon, VT 05354", "price": "70000", "dom": "397", "pid": "666-211-10702", "hoa": "", "flood_ok": 1000, "nri_heat": 37.1, "nri_wildfire": 69.6, "nri_drought": 0.0, "nri_risk": 54.0, "pm25": 6.58, "ozone": 52.13, "heat_2050": 605.0, "precip1in_2050": 7.6 }, "geometry": { "type": "Polygon", "coordinates": [ [ [ -72.516824, 42.76251 ], [ -72.516236, 42.762386 ], [ -72.516094, 42.761598 ], [ -72.51533, 42.761762 ], [ -72.517119, 42.76357 ], [ -72.516824, 42.76251 ] ] ] } },
{ "type": "Feature", "properties": { "status": "lingering", "address": "39 Atwood St, Brattleboro, VT 05301", "price": "320000", "dom": "246", "pid": "081-025-14241", "hoa": "", "flood_ok": 1000, "nri_heat": 47.4, "nri_wildfire": 52.3, "nri_drought": 0.0, "nri_risk": 72.0, "pm25": 6.46, "ozone": 51.91, "heat_2050": 605.0, "precip1in_2050": 7.6 }, "geometry": { "type": "Polygon", "coordinates": [ [ [ -72.562789, 42.837134 ], [ -72.563168, 42.837143 ], [ -72.563181, 42.836882 ], [ -72.562804, 42.836873 ], [ -72.562789, 42.837134 ] ] ] } },
{ "type": "Feature", "properties": { "status": "lingering", "address": "171 Green Meadow Rd, Brattleboro, VT 05301", "price": "595000", "dom": "155", "pid": "081-025-10401", "hoa": "", "flood_ok": 1000, "nri_heat": 30.0, "nri_wildfire": 51.4, "nri_drought": 0.0, "nri_risk": 49.7, "pm25": 6.33, "ozone": 51.94, "heat_2050": 605.0, "precip1in_2050": 7.6 }, "geometry": { "type": "Polygon", "coordinates": [ [ [ -72.607444, 42.854469 ], [ -72.607503, 42.854994 ], [ -72.607879, 42.854931 ], [ -72.607828, 42.85445 ], [ -72.607444, 42.854469 ] ] ] } },
{ "type": "Feature", "properties": { "status": "lingering", "address": "550 S Main St, Brattleboro, VT 05301", "price": "305000", "dom": "159", "pid": "081-025-13507", "hoa": "", "flood_ok": 1000, "nri_heat": 47.4, "nri_wildfire": 52.3, "nri_drought": 0.0, "nri_risk": 72.0, "pm25": 6.46, "ozone": 51.91, "heat_2050": 605.0, "precip1in_2050": 7.6 }, "geometry": { "type": "Polygon", "coordinates": [ [ [ -72.555659, 42.836149 ], [ -72.555851, 42.836429 ], [ -72.556049, 42.836025 ], [ -72.555756, 42.835951 ], [ -72.555659, 42.836149 ] ] ] } },
{ "type": "Feature", "properties": { "status": "lingering", "address": "243 Newton Rd, Vernon, VT 05354", "price": "319000", "dom": "112", "pid": "666-211-11082", "hoa": "", "flood_ok": 500, "nri_heat": 37.1, "nri_wildfire": 69.6, "nri_drought": 0.0, "nri_risk": 54.0, "pm25": 6.58, "ozone": 52.13, "heat_2050": 605.0, "precip1in_2050": 7.6 }, "geometry": { "type": "Polygon", "coordinates": [ [ [ -72.487808, 42.749345 ], [ -72.487969, 42.749801 ], [ -72.488536, 42.749672 ], [ -72.48838, 42.749234 ], [ -72.487808, 42.749345 ] ] ] } },
{ "type": "Feature", "properties": { "status": "lingering", "address": "24 Sawyers Crossing Rd, Swanzey, NH 03446", "price": "565000", "dom": "157", "pid": "034210-225010000000000000", "hoa": "", "flood_ok": 500, "nri_heat": 38.0, "nri_wildfire": 78.7, "nri_drought": 0.0, "nri_risk": 58.2, "pm25": 5.87, "ozone": 51.98, "heat_2050": 771.0, "precip1in_2050": 5.5 }, "geometry": { "type": "Polygon", "coordinates": [ [ [ -72.282882, 42.875079 ], [ -72.284025, 42.876047 ], [ -72.28698, 42.875125 ], [ -72.286577, 42.874546 ], [ -72.282882, 42.875079 ] ] ] } },
{ "type": "Feature", "properties": { "status": "lingering", "address": "67 Park Ave, Keene, NH 03431", "price": "574900", "dom": "113", "pid": "034113-557-018-000-000", "hoa": "", "flood_ok": 500, "nri_heat": 47.1, "nri_wildfire": 57.2, "nri_drought": 0.0, "nri_risk": 54.8, "pm25": 5.77, "ozone": 51.58, "heat_2050": 771.0, "precip1in_2050": 5.5 }, "geometry": { "type": "Polygon", "coordinates": [ [ [ -72.302907, 42.938156 ], [ -72.303097, 42.938344 ], [ -72.303939, 42.937677 ], [ -72.303755, 42.937502 ], [ -72.302907, 42.938156 ] ] ] } },
{ "type": "Feature", "properties": { "status": "lingering", "address": "32 Cassie Ln, Bennington, VT 05201", "price": "96906", "dom": "454", "pid": "051-015-66166", "hoa": "374", "flood_ok": 1000, "nri_heat": 24.1, "nri_wildfire": 46.9, "nri_drought": 0.0, "nri_risk": 87.5, "pm25": 6.14, "ozone": 52.56, "heat_2050": 516.0, "precip1in_2050": 7.5 }, "geometry": { "type": "Polygon", "coordinates": [ [ [ -73.187225, 42.885404 ], [ -73.186838, 42.885333 ], [ -73.186836, 42.885956 ], [ -73.187586, 42.885958 ], [ -73.187225, 42.885404 ] ] ] } },
{ "type": "Feature", "properties": { "status": "lingering", "address": "116-118 S Branch St, Bennington, VT 05201", "price": "269000", "dom": "188", "pid": "051-015-68079", "hoa": "", "flood_ok": 1000, "nri_heat": 20.2, "nri_wildfire": 58.1, "nri_drought": 0.0, "nri_risk": 55.8, "pm25": 6.13, "ozone": 52.63, "heat_2050": 516.0, "precip1in_2050": 7.5 }, "geometry": { "type": "Polygon", "coordinates": [ [ [ -73.17974, 42.878649 ], [ -73.180809, 42.878545 ], [ -73.180829, 42.878324 ], [ -73.179738, 42.87839 ], [ -73.17974, 42.878649 ] ] ] } },
{ "type": "Feature", "properties": { "status": "lingering", "address": "1629 N Mann Hill Rd, Pownal, VT 05261", "price": "795000", "dom": "175", "pid": null, "hoa": "", "flood_ok": 500, "nri_heat": 47.4, "nri_wildfire": 52.3, "nri_drought": 0.0, "nri_risk": 72.0, "pm25": 6.46, "ozone": 51.91, "heat_2050": 605.0, "precip1in_2050": 7.6 }, "geometry": { "type": "Polygon", "coordinates": [ [ [ -72.559961, 42.834156 ], [ -72.564751, 42.834208 ], [ -72.56454, 42.833342 ], [ -72.562137, 42.834055 ], [ -72.558777, 42.833208 ], [ -72.557603, 42.833199 ], [ -72.557381, 42.833585 ], [ -72.559961, 42.834156 ] ] ] } },
{ "type": "Feature", "properties": { "status": "lingering", "address": "751 Main Rd, Stamford, VT 05352", "price": "1900000", "dom": "166", "pid": "609-191-10548", "hoa": "", "flood_ok": 500, "nri_heat": 8.6, "nri_wildfire": 56.2, "nri_drought": 0.0, "nri_risk": 44.7, "pm25": 5.99, "ozone": 52.74, "heat_2050": 679.0, "precip1in_2050": 6.5 }, "geometry": { "type": "Polygon", "coordinates": [ [ [ -73.070644, 42.751546 ], [ -73.071575, 42.751561 ], [ -73.071446, 42.75034 ], [ -73.069847, 42.750182 ], [ -73.069019, 42.75084 ], [ -73.068693, 42.751934 ], [ -73.070624, 42.752049 ], [ -73.070644, 42.751546 ] ] ] } },
{ "type": "Feature", "properties": { "status": "gone", "address": "205 County St, Bennington, VT 05201", "price": "219000", "dom": "150", "pid": "051-015-66964", "hoa": "", "flood_ok": 500, "nri_heat": 24.1, "nri_wildfire": 46.9, "nri_drought": 0.0, "nri_risk": 87.5, "pm25": 6.14, "ozone": 52.56, "heat_2050": 516.0, "precip1in_2050": 7.5 }, "geometry": { "type": "Polygon", "coordinates": [ [ [ -73.197761, 42.884347 ], [ -73.197957, 42.884353 ], [ -73.197968, 42.884047 ], [ -73.197777, 42.884052 ], [ -73.197761, 42.884347 ] ] ] } },
{ "type": "Feature", "properties": { "status": "lingering", "address": "509 Thompson Pond Rd, Pownal, VT 05261", "price": "299000", "dom": "153", "pid": "495-156-11809", "hoa": "", "flood_ok": 500, "nri_heat": 12.1, "nri_wildfire": 58.6, "nri_drought": 0.0, "nri_risk": 45.2, "pm25": 6.21, "ozone": 52.82, "heat_2050": 516.0, "precip1in_2050": 7.5 }, "geometry": { "type": "MultiPolygon", "coordinates": [ [ [ [ -73.19181, 42.779204 ], [ -73.192061, 42.776389 ], [ -73.174538, 42.774468 ], [ -73.169946, 42.773037 ], [ -73.169723, 42.778036 ], [ -73.175932, 42.778038 ], [ -73.175933, 42.781252 ], [ -73.176949, 42.783729 ], [ -73.182439, 42.786526 ], [ -73.190031, 42.786783 ], [ -73.190747, 42.785797 ], [ -73.190626, 42.784531 ], [ -73.189525, 42.78389 ], [ -73.189146, 42.782816 ], [ -73.184301, 42.782547 ], [ -73.19015, 42.782579 ], [ -73.191502, 42.782886 ], [ -73.19181, 42.779204 ] ] ], [ [ [ -73.190551, 42.783941 ], [ -73.19136, 42.784969 ], [ -73.191495, 42.782987 ], [ -73.190043, 42.782722 ], [ -73.190551, 42.783941 ] ] ] ] } },
{ "type": "Feature", "properties": { "status": "lingering", "address": "302 Us Rte, 7, Pownal, VT 05261", "price": "169900", "dom": "147", "pid": "495-156-10594", "hoa": "", "flood_ok": 500, "nri_heat": 12.1, "nri_wildfire": 58.6, "nri_drought": 0.0, "nri_risk": 45.2, "pm25": 6.21, "ozone": 52.82, "heat_2050": 516.0, "precip1in_2050": 7.5 }, "geometry": { "type": "Polygon", "coordinates": [ [ [ -73.225103, 42.785165 ], [ -73.230058, 42.785918 ], [ -73.22947, 42.7867 ], [ -73.235112, 42.786805 ], [ -73.235264, 42.781272 ], [ -73.230517, 42.781166 ], [ -73.230143, 42.784705 ], [ -73.230391, 42.779969 ], [ -73.219313, 42.779364 ], [ -73.218333, 42.778986 ], [ -73.217701, 42.777975 ], [ -73.217631, 42.780772 ], [ -73.218527, 42.780837 ], [ -73.218225, 42.782981 ], [ -73.220494, 42.783178 ], [ -73.22115, 42.784948 ], [ -73.225103, 42.785165 ] ] ] } },
{ "type": "Feature", "properties": { "status": "lingering", "address": "155 Brookman Rd, Pownal, VT 05261", "price": "875000", "dom": "140", "pid": "495-156-11776", "hoa": "", "flood_ok": 1000, "nri_heat": 12.1, "nri_wildfire": 58.6, "nri_drought": 0.0, "nri_risk": 45.2, "pm25": 6.21, "ozone": 52.82, "heat_2050": 516.0, "precip1in_2050": 7.5 }, "geometry": { "type": "MultiPolygon", "coordinates": [ [ [ [ -73.207984, 42.770505 ], [ -73.20744, 42.775543 ], [ -73.209462, 42.776397 ], [ -73.211945, 42.775903 ], [ -73.214834, 42.776479 ], [ -73.217634, 42.774756 ], [ -73.218824, 42.772987 ], [ -73.212019, 42.772618 ], [ -73.212022, 42.768575 ], [ -73.211088, 42.768683 ], [ -73.210869, 42.767374 ], [ -73.206637, 42.767173 ], [ -73.206584, 42.768284 ], [ -73.208156, 42.768352 ], [ -73.207984, 42.770505 ] ] ], [ [ [ -73.221281, 42.773101 ], [ -73.219026, 42.773002 ], [ -73.217773, 42.774848 ], [ -73.215015, 42.776513 ], [ -73.21727, 42.777578 ], [ -73.221481, 42.776999 ], [ -73.221281, 42.773101 ] ] ] ] } },
{ "type": "Feature", "properties": { "status": "lingering", "address": "25 Taft St, North Adams, MA 01247", "price": "229900", "dom": "167", "pid": "M_64802_939851", "hoa": "512", "flood_ok": 500, "nri_heat": 5.3, "nri_wildfire": 49.9, "nri_drought": 0.0, "nri_risk": 64.8, "pm25": 6.22, "ozone": 53.23, "heat_2050": 679.0, "precip1in_2050": 6.5 }, "geometry": { "type": "Polygon", "coordinates": [ [ [ -73.149803, 42.697698 ], [ -73.150228, 42.697737 ], [ -73.150324, 42.697253 ], [ -73.149899, 42.697212 ], [ -73.149803, 42.697698 ] ] ] } },
{ "type": "Feature", "properties": { "status": "lingering", "address": "842 Church St, North Adams, MA 01247", "price": "150000", "dom": "89", "pid": "M_64371_940261", "hoa": "", "flood_ok": 1000, "nri_heat": 3.2, "nri_wildfire": 43.3, "nri_drought": 0.0, "nri_risk": 37.9, "pm25": 6.21, "ozone": 53.25, "heat_2050": 679.0, "precip1in_2050": 6.5 }, "geometry": { "type": "MultiPolygon", "coordinates": [ [ [ [ -73.09815, 42.683262 ], [ -73.098926, 42.684148 ], [ -73.096969, 42.678058 ], [ -73.095638, 42.676223 ], [ -73.096164, 42.675027 ], [ -73.091799, 42.67485 ], [ -73.091351, 42.674275 ], [ -73.086109, 42.67532 ], [ -73.084776, 42.677144 ], [ -73.088449, 42.67737 ], [ -73.091086, 42.676254 ], [ -73.095009, 42.67666 ], [ -73.096181, 42.677842 ], [ -73.09815, 42.683262 ] ] ], [ [ [ -73.103779, 42.688362 ], [ -73.104523, 42.688794 ], [ -73.104129, 42.687968 ], [ -73.099103, 42.683911 ], [ -73.099689, 42.685167 ], [ -73.103779, 42.688362 ] ] ], [ [ [ -73.104634, 42.688743 ], [ -73.104745, 42.688898 ], [ -73.105549, 42.689306 ], [ -73.105114, 42.688606 ], [ -73.104634, 42.688743 ] ] ], [ [ [ -73.112153, 42.69559 ], [ -73.113291, 42.696811 ], [ -73.107603, 42.690202 ], [ -73.108141, 42.689798 ], [ -73.107448, 42.689046 ], [ -73.105476, 42.688649 ], [ -73.109342, 42.693373 ], [ -73.112153, 42.69559 ] ] ], [ [ [ -73.11555, 42.699626 ], [ -73.116027, 42.699358 ], [ -73.113893, 42.697255 ], [ -73.113913, 42.697491 ], [ -73.11555, 42.699626 ] ] ], [ [ [ -73.140014, 42.69989 ], [ -73.142012, 42.700146 ], [ -73.143506, 42.699976 ], [ -73.139959, 42.69984 ], [ -73.140014, 42.69989 ] ] ], [ [ [ -73.144223, 42.700223 ], [ -73.150053, 42.700493 ], [ -73.150097, 42.700259 ], [ -73.143625, 42.699983 ], [ -73.144223, 42.700223 ] ] ], [ [ [ -73.120473, 42.701858 ], [ -73.120491, 42.701576 ], [ -73.116655, 42.700445 ], [ -73.118028, 42.701269 ], [ -73.120473, 42.701858 ] ] ], [ [ [ -73.120632, 42.70172 ], [ -73.122549, 42.701809 ], [ -73.12956, 42.700453 ], [ -73.139985, 42.700058 ], [ -73.13873, 42.699771 ], [ -73.130959, 42.700126 ], [ -73.130946, 42.699693 ], [ -73.130846, 42.700104 ], [ -73.128329, 42.700061 ], [ -73.120632, 42.70172 ] ] ], [ [ [ -73.165409, 42.702864 ], [ -73.168164, 42.703137 ], [ -73.152719, 42.700507 ], [ -73.15017, 42.700482 ], [ -73.153398, 42.700804 ], [ -73.165409, 42.702864 ] ] ], [ [ [ -73.171804, 42.704124 ], [ -73.175927, 42.704801 ], [ -73.173268, 42.704049 ], [ -73.168115, 42.703395 ], [ -73.171804, 42.704124 ] ] ] ] } },
{ "type": "Feature", "properties": { "status": "lingering", "address": "50 Lawrence, Palmer, MA 01069", "price": "129900", "dom": "242", "pid": "M_131584_880018", "hoa": "", "flood_ok": 500, "nri_heat": 32.6, "nri_wildfire": 60.0, "nri_drought": 0.0, "nri_risk": 33.3, "pm25": 7.1, "ozone": 58.01, "heat_2050": 1036.0, "precip1in_2050": 7.6 }, "geometry": { "type": "Polygon", "coordinates": [ [ [ -72.327783, 42.16731 ], [ -72.327817, 42.16793 ], [ -72.328189, 42.167925 ], [ -72.32817, 42.167288 ], [ -72.327783, 42.16731 ] ] ] } },
{ "type": "Feature", "properties": { "status": "lingering", "address": "100 High Pine Cir, Unit 100, Wilbraham, MA 01095", "price": "589000", "dom": "145", "pid": "F_402873_2878038", "hoa": "695", "flood_ok": 500, "nri_heat": 48.4, "nri_wildfire": 56.5, "nri_drought": 82.8, "nri_risk": 50.5, "pm25": 7.5, "ozone": 58.43, "heat_2050": 1036.0, "precip1in_2050": 7.6 }, "geometry": { "type": "Polygon", "coordinates": [ [ [ -72.433674, 42.14397 ], [ -72.436124, 42.145127 ], [ -72.436875, 42.143746 ], [ -72.438026, 42.143604 ], [ -72.437536, 42.141791 ], [ -72.439233, 42.141572 ], [ -72.438949, 42.140368 ], [ -72.436937, 42.141003 ], [ -72.436457, 42.140194 ], [ -72.437509, 42.139529 ], [ -72.433542, 42.138645 ], [ -72.430439, 42.13899 ], [ -72.430385, 42.139522 ], [ -72.428671, 42.139688 ], [ -72.429078, 42.139868 ], [ -72.43041, 42.139647 ], [ -72.431288, 42.139876 ], [ -72.429848, 42.142951 ], [ -72.428616, 42.142842 ], [ -72.428703, 42.143396 ], [ -72.429566, 42.143963 ], [ -72.431779, 42.143618 ], [ -72.433674, 42.14397 ] ] ] } },
{ "type": "Feature", "properties": { "status": "lingering", "address": "32 Main St, Monson, MA 01057", "price": "499000", "dom": "137", "pid": "F_434533_2864692", "hoa": "", "flood_ok": 500, "nri_heat": 20.6, "nri_wildfire": 58.4, "nri_drought": 71.2, "nri_risk": 22.6, "pm25": 7.18, "ozone": 59.02, "heat_2050": 1036.0, "precip1in_2050": 7.6 }, "geometry": { "type": "Polygon", "coordinates": [ [ [ -72.315925, 42.106015 ], [ -72.317445, 42.106221 ], [ -72.31755, 42.105855 ], [ -72.316242, 42.105683 ], [ -72.315925, 42.106015 ] ] ] } },
{ "type": "Feature", "properties": { "status": "gone", "address": "45 River St, Belchertown, MA 01007", "price": "185000", "dom": "186", "pid": "M_129080_884745", "hoa": "", "flood_ok": 500, "nri_heat": 30.3, "nri_wildfire": 76.7, "nri_drought": 82.3, "nri_risk": 32.6, "pm25": 7.09, "ozone": 56.65, "heat_2050": 1036.0, "precip1in_2050": 7.6 }, "geometry": { "type": "Polygon", "coordinates": [ [ [ -72.359356, 42.210172 ], [ -72.359498, 42.209824 ], [ -72.358307, 42.209696 ], [ -72.358322, 42.210055 ], [ -72.359356, 42.210172 ] ] ] } },
{ "type": "Feature", "properties": { "status": "lingering", "address": "281 Chauncey Walker St, Unit 86B, Belchertown, MA 01007", "price": "85000", "dom": "23", "pid": "M_125301_889114", "hoa": "344", "flood_ok": 500, "nri_heat": 14.1, "nri_wildfire": 64.1, "nri_drought": 0.0, "nri_risk": 5.8, "pm25": 7.26, "ozone": 57.47, "heat_2050": 948.0, "precip1in_2050": 7.7 }, "geometry": { "type": "Polygon", "coordinates": [ [ [ -72.398138, 42.25146 ], [ -72.398379, 42.25249 ], [ -72.40828, 42.251288 ], [ -72.411147, 42.250147 ], [ -72.41228, 42.248848 ], [ -72.409666, 42.245686 ], [ -72.408518, 42.246089 ], [ -72.408291, 42.245257 ], [ -72.406328, 42.245587 ], [ -72.399741, 42.246957 ], [ -72.400443, 42.249029 ], [ -72.399717, 42.250407 ], [ -72.399363, 42.250347 ], [ -72.399524, 42.250705 ], [ -72.398011, 42.250877 ], [ -72.398138, 42.25146 ] ] ] } },
{ "type": "Feature", "properties": { "status": "lingering", "address": "91 Shadow Brook Est, Unit 91, South Hadley, MA 01075", "price": "549900", "dom": "103", "pid": "M_110968_886188", "hoa": "637", "flood_ok": 500, "nri_heat": 41.8, "nri_wildfire": 42.1, "nri_drought": 0.0, "nri_risk": 50.2, "pm25": 7.5, "ozone": 57.21, "heat_2050": 948.0, "precip1in_2050": 7.7 }, "geometry": { "type": "MultiPolygon", "coordinates": [ [ [ [ -72.577503, 42.222995 ], [ -72.576817, 42.223229 ], [ -72.58115, 42.222293 ], [ -72.580705, 42.219672 ], [ -72.581072, 42.219643 ], [ -72.580973, 42.21902 ], [ -72.577304, 42.219222 ], [ -72.577603, 42.22041 ], [ -72.57569, 42.220535 ], [ -72.575922, 42.222081 ], [ -72.577343, 42.222042 ], [ -72.577503, 42.222995 ] ] ], [ [ [ -72.579639, 42.222747 ], [ -72.579437, 42.222785 ], [ -72.579556, 42.223131 ], [ -72.579772, 42.223087 ], [ -72.579639, 42.222747 ] ] ] ] } },
{ "type": "Feature", "properties": { "status": "lingering", "address": "30 Firglade Ave, Springfield, MA 01108", "price": "469000", "dom": "203", "pid": "F_365345_2856982", "hoa": "", "flood_ok": 1000, "nri_heat": 60.1, "nri_wildfire": 47.6, "nri_drought": 0.0, "nri_risk": 73.9, "pm25": 7.84, "ozone": 58.55, "heat_2050": 1036.0, "precip1in_2050": 7.6 }, "geometry": { "type": "Polygon", "coordinates": [ [ [ -72.571101, 42.082632 ], [ -72.571166, 42.082818 ], [ -72.571617, 42.082735 ], [ -72.57155, 42.082549 ], [ -72.571101, 42.082632 ] ] ] } },
{ "type": "Feature", "properties": { "status": "lingering", "address": "65 Fargo St, Springfield, MA 01119", "price": "299900", "dom": "105", "pid": "F_378523_2874420", "hoa": "", "flood_ok": 500, "nri_heat": 42.1, "nri_wildfire": 43.1, "nri_drought": 0.0, "nri_risk": 23.9, "pm25": 7.75, "ozone": 58.35, "heat_2050": 1036.0, "precip1in_2050": 7.6 }, "geometry": { "type": "Polygon", "coordinates": [ [ [ -72.523456, 42.130785 ], [ -72.523536, 42.131192 ], [ -72.523718, 42.131172 ], [ -72.523638, 42.130765 ], [ -72.523456, 42.130785 ] ] ] } },
{ "type": "Feature", "properties": { "status": "lingering", "address": "248 Laconia St, Springfield, MA 01129", "price": "339900", "dom": "104", "pid": "F_389042_2880210", "hoa": "", "flood_ok": 1000, "nri_heat": 45.3, "nri_wildfire": 50.4, "nri_drought": 0.0, "nri_risk": 45.2, "pm25": 7.65, "ozone": 58.41, "heat_2050": 1036.0, "precip1in_2050": 7.6 }, "geometry": { "type": "Polygon", "coordinates": [ [ [ -72.484835, 42.147103 ], [ -72.48492, 42.14737 ], [ -72.485279, 42.147307 ], [ -72.485194, 42.14704 ], [ -72.484835, 42.147103 ] ] ] } },
{ "type": "Feature", "properties": { "status": "lingering", "address": "70 Temple St, Apt 1, Springfield, MA 01105", "price": "149000", "dom": "104", "pid": "F_362584_2864671", "hoa": "200", "flood_ok": 500, "nri_heat": 37.4, "nri_wildfire": 28.3, "nri_drought": 0.0, "nri_risk": 28.7, "pm25": 7.82, "ozone": 58.34, "heat_2050": 1036.0, "precip1in_2050": 7.6 }, "geometry": { "type": "Polygon", "coordinates": [ [ [ -72.58191, 42.103507 ], [ -72.581922, 42.103847 ], [ -72.582262, 42.103572 ], [ -72.582024, 42.103414 ], [ -72.58191, 42.103507 ] ] ] } },
{ "type": "Feature", "properties": { "status": "lingering", "address": "30 Goldenrod St, Springfield, MA 01109", "price": "448499", "dom": "103", "pid": "F_369037_2872049", "hoa": "", "flood_ok": 1000, "nri_heat": 47.2, "nri_wildfire": 39.2, "nri_drought": 0.0, "nri_risk": 39.4, "pm25": 7.76, "ozone": 58.27, "heat_2050": 1036.0, "precip1in_2050": 7.6 }, "geometry": { "type": "Polygon", "coordinates": [ [ [ -72.55802, 42.124024 ], [ -72.558473, 42.124306 ], [ -72.558594, 42.124047 ], [ -72.558073, 42.123911 ], [ -72.55802, 42.124024 ] ] ] } },
{ "type": "Feature", "properties": { "status": "lingering", "address": "14-18 Loftus St, Unit 0, North Adams, MA 01247", "price": "70000", "dom": "137", "pid": "M_67394_940494", "hoa": "", "flood_ok": 1000, "nri_heat": 8.3, "nri_wildfire": 45.2, "nri_drought": 0.0, "nri_risk": 86.8, "pm25": 6.13, "ozone": 53.19, "heat_2050": 679.0, "precip1in_2050": 6.5 }, "geometry": { "type": "Polygon", "coordinates": [ [ [ -73.11834, 42.703923 ], [ -73.118728, 42.703956 ], [ -73.118822, 42.703413 ], [ -73.118385, 42.703571 ], [ -73.11834, 42.703923 ] ] ] } },
{ "type": "Feature", "properties": { "status": "lingering", "address": "107 Lyons St, Bennington, VT 05201", "price": "80000", "dom": "105", "pid": "051-015-67526", "hoa": "", "flood_ok": 1000, "nri_heat": 24.1, "nri_wildfire": 46.9, "nri_drought": 0.0, "nri_risk": 87.5, "pm25": 6.14, "ozone": 52.56, "heat_2050": 516.0, "precip1in_2050": 7.5 }, "geometry": { "type": "Polygon", "coordinates": [ [ [ -73.186698, 42.884559 ], [ -73.187131, 42.884577 ], [ -73.187142, 42.884409 ], [ -73.186707, 42.884395 ], [ -73.186698, 42.884559 ] ] ] } },
{ "type": "Feature", "properties": { "status": "lingering", "address": "35 Turnpike Rd, Sharon, NH 03458", "price": "649500", "dom": "138", "pid": "064194-00000700009B000000", "hoa": "", "flood_ok": 500, "nri_heat": 12.3, "nri_wildfire": 65.6, "nri_drought": 78.7, "nri_risk": 23.9, "pm25": 4.79, "ozone": 53.99, "heat_2050": 771.0, "precip1in_2050": 5.5 }, "geometry": { "type": "Polygon", "coordinates": [ [ [ -71.933047, 42.790493 ], [ -71.935951, 42.790469 ], [ -71.936797, 42.788167 ], [ -71.933737, 42.787831 ], [ -71.933569, 42.788341 ], [ -71.932386, 42.788291 ], [ -71.933047, 42.790493 ] ] ] } },
{ "type": "Feature", "properties": { "status": "gone", "address": "14 Tico Rd, Rindge, NH 03461", "price": "1075000", "dom": "181", "pid": "034182-000022-000022-0011-1", "hoa": "", "flood_ok": 500, "nri_heat": 51.8, "nri_wildfire": 59.1, "nri_drought": 0.0, "nri_risk": 46.1, "pm25": 5.22, "ozone": 53.52, "heat_2050": 771.0, "precip1in_2050": 5.5 }, "geometry": { "type": "Polygon", "coordinates": [ [ [ -71.978265, 42.731173 ], [ -71.978492, 42.732409 ], [ -71.978853, 42.73139 ], [ -71.979593, 42.732155 ], [ -71.979757, 42.731489 ], [ -71.978947, 42.730982 ], [ -71.978265, 42.731173 ] ] ] } },
{ "type": "Feature", "properties": { "status": "lingering", "address": "137 Prescott Rd, Jaffrey, NH 03452", "price": "589900", "dom": "153", "pid": "034111-257-26", "hoa": "", "flood_ok": 500, "nri_heat": 42.8, "nri_wildfire": 65.7, "nri_drought": 0.0, "nri_risk": 56.4, "pm25": 5.13, "ozone": 53.05, "heat_2050": 771.0, "precip1in_2050": 5.5 }, "geometry": { "type": "Polygon", "coordinates": [ [ [ -71.983009, 42.791558 ], [ -71.984144, 42.791445 ], [ -71.982638, 42.790346 ], [ -71.98135, 42.790162 ], [ -71.982516, 42.790735 ], [ -71.983009, 42.791558 ] ] ] } },
{ "type": "Feature", "properties": { "status": "lingering", "address": "5 Pomeroy Ter, Unit 3, Northampton, MA 01060", "price": "379000", "dom": "98", "pid": "M_107274_897506", "hoa": "345", "flood_ok": 500, "nri_heat": 16.3, "nri_wildfire": 25.5, "nri_drought": 0.0, "nri_risk": 11.4, "pm25": 7.37, "ozone": 55.6, "heat_2050": 948.0, "precip1in_2050": 7.7 }, "geometry": { "type": "Polygon", "coordinates": [ [ [ -72.625229, 42.322699 ], [ -72.625028, 42.322221 ], [ -72.62468, 42.32237 ], [ -72.624973, 42.322855 ], [ -72.625229, 42.322699 ] ] ] } },
{ "type": "Feature", "properties": { "status": "lingering", "address": "455 S Main St, Brattleboro, VT 05301", "price": "269000", "dom": "96", "pid": "081-025-14627", "hoa": "", "flood_ok": 1000, "nri_heat": 47.4, "nri_wildfire": 52.3, "nri_drought": 0.0, "nri_risk": 72.0, "pm25": 6.46, "ozone": 51.91, "heat_2050": 605.0, "precip1in_2050": 7.6 }, "geometry": { "type": "Polygon", "coordinates": [ [ [ -72.554634, 42.83845 ], [ -72.554637, 42.838672 ], [ -72.555018, 42.83861 ], [ -72.554989, 42.838484 ], [ -72.554634, 42.83845 ] ] ] } },
{ "type": "Feature", "properties": { "status": "gone", "address": "350 Woodbound Rd, Jaffrey, NH 03452", "price": "499000", "dom": "90", "pid": "034111-242-24", "hoa": "", "flood_ok": 500, "nri_heat": 42.8, "nri_wildfire": 65.7, "nri_drought": 0.0, "nri_risk": 56.4, "pm25": 5.13, "ozone": 53.05, "heat_2050": 771.0, "precip1in_2050": 5.5 }, "geometry": { "type": "Polygon", "coordinates": [ [ [ -72.00199, 42.794501 ], [ -72.003406, 42.794366 ], [ -72.003524, 42.793989 ], [ -72.002803, 42.793821 ], [ -72.00381, 42.793439 ], [ -72.001608, 42.793453 ], [ -72.001697, 42.792893 ], [ -72.003865, 42.792914 ], [ -71.999699, 42.792704 ], [ -71.999339, 42.79411 ], [ -72.00199, 42.794501 ] ] ] } },
{ "type": "Feature", "properties": { "status": "lingering", "address": "35 Pinehurst St, Westfield, MA 01085", "price": "339000", "dom": "91", "pid": "F_317938_2878886", "hoa": "", "flood_ok": 1000, "nri_heat": 48.2, "nri_wildfire": 67.5, "nri_drought": 91.0, "nri_risk": 74.5, "pm25": 7.28, "ozone": 56.6, "heat_2050": 1036.0, "precip1in_2050": 7.6 }, "geometry": { "type": "Polygon", "coordinates": [ [ [ -72.746925, 42.141115 ], [ -72.747285, 42.141193 ], [ -72.747394, 42.140919 ], [ -72.74703, 42.140847 ], [ -72.746925, 42.141115 ] ] ] } },
{ "type": "Feature", "properties": { "status": "lingering", "address": "86 Amherst St, Springfield, MA 01109", "price": "399999", "dom": "89", "pid": "F_366420_2870478", "hoa": "", "flood_ok": 500, "nri_heat": 46.4, "nri_wildfire": 20.0, "nri_drought": 0.0, "nri_risk": 37.0, "pm25": 7.8, "ozone": 58.21, "heat_2050": 1036.0, "precip1in_2050": 7.6 }, "geometry": { "type": "Polygon", "coordinates": [ [ [ -72.567838, 42.119802 ], [ -72.568175, 42.119843 ], [ -72.568212, 42.119708 ], [ -72.567867, 42.119667 ], [ -72.567838, 42.119802 ] ] ] } },
{ "type": "Feature", "properties": { "status": "lingering", "address": "127-129 Thompson St, Springfield, MA 01109", "price": "359000", "dom": "86", "pid": "F_365387_2868344", "hoa": "", "flood_ok": 1000, "nri_heat": 46.4, "nri_wildfire": 20.0, "nri_drought": 0.0, "nri_risk": 37.0, "pm25": 7.8, "ozone": 58.21, "heat_2050": 1036.0, "precip1in_2050": 7.6 }, "geometry": { "type": "Polygon", "coordinates": [ [ [ -72.57148, 42.113984 ], [ -72.571534, 42.114041 ], [ -72.572013, 42.113774 ], [ -72.571927, 42.113685 ], [ -72.57148, 42.113984 ] ] ] } },
{ "type": "Feature", "properties": { "status": "lingering", "address": "62 Fairview Ave, Northampton, MA 01060", "price": "985000", "dom": "92", "pid": "M_106460_896032", "hoa": "", "flood_ok": 1000, "nri_heat": 31.9, "nri_wildfire": 23.5, "nri_drought": 80.0, "nri_risk": 39.2, "pm25": 7.36, "ozone": 55.68, "heat_2050": 948.0, "precip1in_2050": 7.7 }, "geometry": { "type": "Polygon", "coordinates": [ [ [ -72.634481, 42.309284 ], [ -72.634688, 42.309381 ], [ -72.634886, 42.309141 ], [ -72.634506, 42.308971 ], [ -72.634481, 42.309284 ] ] ] } },
{ "type": "Feature", "properties": { "status": "lingering", "address": "56 Lincoln Ave, South Hadley, MA 01075", "price": "349000", "dom": "89", "pid": "M_110754_887206", "hoa": "", "flood_ok": 1000, "nri_heat": 41.8, "nri_wildfire": 42.1, "nri_drought": 0.0, "nri_risk": 50.2, "pm25": 7.5, "ozone": 57.21, "heat_2050": 948.0, "precip1in_2050": 7.7 }, "geometry": { "type": "Polygon", "coordinates": [ [ [ -72.580944, 42.230096 ], [ -72.580977, 42.230372 ], [ -72.581351, 42.230353 ], [ -72.581331, 42.230075 ], [ -72.580944, 42.230096 ] ] ] } },
{ "type": "Feature", "properties": { "status": "lingering", "address": "4 Sabrina Way, Unit F, Agawam, MA 01001", "price": "479900", "dom": "295", "pid": "F_358138_2854975", "hoa": "275", "flood_ok": 500, "nri_heat": 42.6, "nri_wildfire": 43.8, "nri_drought": 83.4, "nri_risk": 57.5, "pm25": 7.8, "ozone": 58.33, "heat_2050": 1036.0, "precip1in_2050": 7.6 }, "geometry": { "type": "Polygon", "coordinates": [ [ [ -72.597028, 42.077717 ], [ -72.598705, 42.077388 ], [ -72.598939, 42.076495 ], [ -72.596689, 42.076371 ], [ -72.597028, 42.077717 ] ] ] } },
{ "type": "Feature", "properties": { "status": "lingering", "address": "2 Crescent Hl, Springfield, MA 01105", "price": "395000", "dom": "92", "pid": "F_364491_2861523", "hoa": "", "flood_ok": 1000, "nri_heat": 30.2, "nri_wildfire": 21.3, "nri_drought": 0.0, "nri_risk": 25.9, "pm25": 7.83, "ozone": 58.4, "heat_2050": 1036.0, "precip1in_2050": 7.6 }, "geometry": { "type": "Polygon", "coordinates": [ [ [ -72.574355, 42.095181 ], [ -72.574691, 42.095404 ], [ -72.575192, 42.095166 ], [ -72.574509, 42.094776 ], [ -72.574355, 42.095181 ] ] ] } },
{ "type": "Feature", "properties": { "status": "gone", "address": "20 Hawthorne St, Springfield, MA 01105", "price": "184900", "dom": "85", "pid": "F_366268_2863060", "hoa": "", "flood_ok": 1000, "nri_heat": 45.2, "nri_wildfire": 21.5, "nri_drought": 0.0, "nri_risk": 34.7, "pm25": 7.83, "ozone": 58.39, "heat_2050": 1036.0, "precip1in_2050": 7.6 }, "geometry": { "type": "Polygon", "coordinates": [ [ [ -72.568127, 42.099309 ], [ -72.568171, 42.099502 ], [ -72.568353, 42.099479 ], [ -72.568309, 42.099287 ], [ -72.568127, 42.099309 ] ] ] } },
{ "type": "Feature", "properties": { "status": "lingering", "address": "4 Stewart Ave, Monson, MA 01057", "price": "289900", "dom": "174", "pid": "F_436061_2863971", "hoa": "", "flood_ok": 1000, "nri_heat": 20.6, "nri_wildfire": 58.4, "nri_drought": 71.2, "nri_risk": 22.6, "pm25": 7.18, "ozone": 59.02, "heat_2050": 1036.0, "precip1in_2050": 7.6 }, "geometry": { "type": "Polygon", "coordinates": [ [ [ -72.311614, 42.103898 ], [ -72.310609, 42.103902 ], [ -72.310609, 42.104113 ], [ -72.31163, 42.1041 ], [ -72.311614, 42.103898 ] ] ] } },
{ "type": "Feature", "properties": { "status": "lingering", "address": "72 Stafford Rd, Monson, MA 01057", "price": "694900", "dom": "83", "pid": "F_435722_2852177", "hoa": "", "flood_ok": 500, "nri_heat": 20.6, "nri_wildfire": 58.4, "nri_drought": 71.2, "nri_risk": 22.6, "pm25": 7.18, "ozone": 59.02, "heat_2050": 1036.0, "precip1in_2050": 7.6 }, "geometry": { "type": "Polygon", "coordinates": [ [ [ -72.311061, 42.072133 ], [ -72.312506, 42.07214 ], [ -72.312869, 42.071354 ], [ -72.31166, 42.070795 ], [ -72.311061, 42.072133 ] ] ] } },
{ "type": "Feature", "properties": { "status": "lingering", "address": "60 Waters Edge Dr, Unit 60, Ludlow, MA 01056", "price": "280000", "dom": "80", "pid": "M_118424_880306", "hoa": "225", "flood_ok": 500, "nri_heat": 43.7, "nri_wildfire": 39.9, "nri_drought": 78.9, "nri_risk": 34.4, "pm25": 7.57, "ozone": 58.18, "heat_2050": 1036.0, "precip1in_2050": 7.6 }, "geometry": { "type": "Polygon", "coordinates": [ [ [ -72.486874, 42.17002 ], [ -72.488747, 42.168426 ], [ -72.488443, 42.167976 ], [ -72.486393, 42.168239 ], [ -72.486441, 42.169132 ], [ -72.485803, 42.169147 ], [ -72.486463, 42.16955 ], [ -72.485925, 42.169746 ], [ -72.486874, 42.17002 ] ] ] } },
{ "type": "Feature", "properties": { "status": "lingering", "address": "23 Randolph Pl, Apt 108, Northampton, MA 01060", "price": "259000", "dom": "84", "pid": "M_106985_896882", "hoa": "388", "flood_ok": 500, "nri_heat": 31.9, "nri_wildfire": 23.5, "nri_drought": 80.0, "nri_risk": 39.2, "pm25": 7.36, "ozone": 55.68, "heat_2050": 948.0, "precip1in_2050": 7.7 }, "geometry": { "type": "Polygon", "coordinates": [ [ [ -72.626982, 42.317517 ], [ -72.630051, 42.316872 ], [ -72.629039, 42.316959 ], [ -72.629257, 42.316523 ], [ -72.62842, 42.316252 ], [ -72.626982, 42.317517 ] ] ] } },
{ "type": "Feature", "properties": { "status": "lingering", "address": "175 Granby Rd, South Hadley, MA 01075", "price": "468000", "dom": "85", "pid": "M_110990_886578", "hoa": "", "flood_ok": 1000, "nri_heat": 41.8, "nri_wildfire": 42.1, "nri_drought": 0.0, "nri_risk": 50.2, "pm25": 7.5, "ozone": 57.21, "heat_2050": 948.0, "precip1in_2050": 7.7 }, "geometry": { "type": "Polygon", "coordinates": [ [ [ -72.578182, 42.22515 ], [ -72.578551, 42.22515 ], [ -72.578243, 42.224008 ], [ -72.577835, 42.22408 ], [ -72.578182, 42.22515 ] ] ] } },
{ "type": "Feature", "properties": { "status": "lingering", "address": "6 Sherman Ave, Northampton, MA 01060", "price": "659000", "dom": "83", "pid": "M_107376_898405", "hoa": "", "flood_ok": 500, "nri_heat": 16.3, "nri_wildfire": 25.5, "nri_drought": 0.0, "nri_risk": 11.4, "pm25": 7.37, "ozone": 55.6, "heat_2050": 948.0, "precip1in_2050": 7.7 }, "geometry": { "type": "Polygon", "coordinates": [ [ [ -72.624131, 42.330487 ], [ -72.623934, 42.330379 ], [ -72.623619, 42.330835 ], [ -72.623775, 42.330909 ], [ -72.624131, 42.330487 ] ] ] } },
{ "type": "Feature", "properties": { "status": "lingering", "address": "385 Worthington St, Apt 2F, Springfield, MA 01103", "price": "244900", "dom": "83", "pid": "F_360407_2865504", "hoa": "334", "flood_ok": 500, "nri_heat": 21.6, "nri_wildfire": 0.0, "nri_drought": 0.0, "nri_risk": 64.4, "pm25": 7.81, "ozone": 58.25, "heat_2050": 1036.0, "precip1in_2050": 7.6 }, "geometry": { "type": "Polygon", "coordinates": [ [ [ -72.589912, 42.105692 ], [ -72.589696, 42.105874 ], [ -72.589958, 42.106113 ], [ -72.590217, 42.105894 ], [ -72.589912, 42.105692 ] ] ] } },
{ "type": "Feature", "properties": { "status": "lingering", "address": "11 Mountainview St, Chicopee, MA 01020", "price": "425000", "dom": "83", "pid": "F_364141_2896370", "hoa": "", "flood_ok": 1000, "nri_heat": 29.6, "nri_wildfire": 24.5, "nri_drought": 0.0, "nri_risk": 9.4, "pm25": 7.54, "ozone": 57.55, "heat_2050": 1036.0, "precip1in_2050": 7.6 }, "geometry": { "type": "Polygon", "coordinates": [ [ [ -72.577475, 42.190686 ], [ -72.577761, 42.190889 ], [ -72.578182, 42.190839 ], [ -72.57787, 42.190603 ], [ -72.577475, 42.190686 ] ] ] } },
{ "type": "Feature", "properties": { "status": "lingering", "address": "543 Boston Rd, Springfield, MA 01109", "price": "650000", "dom": "79", "pid": "F_378102_2875253", "hoa": "", "flood_ok": 500, "nri_heat": 34.7, "nri_wildfire": 32.5, "nri_drought": 0.0, "nri_risk": 6.4, "pm25": 7.7, "ozone": 58.29, "heat_2050": 1036.0, "precip1in_2050": 7.6 }, "geometry": { "type": "Polygon", "coordinates": [ [ [ -72.525098, 42.13336 ], [ -72.525149, 42.133596 ], [ -72.525356, 42.133112 ], [ -72.525029, 42.13304 ], [ -72.525098, 42.13336 ] ] ] } },
{ "type": "Feature", "properties": { "status": "lingering", "address": "170 E Hadley Rd, Apt 65, Amherst, MA 01002", "price": "295000", "dom": "82", "pid": "F_379325_2954051", "hoa": "473", "flood_ok": 500, "nri_heat": 31.9, "nri_wildfire": 59.0, "nri_drought": 84.4, "nri_risk": 42.1, "pm25": 7.3, "ozone": 56.17, "heat_2050": 948.0, "precip1in_2050": 7.7 }, "geometry": { "type": "Polygon", "coordinates": [ [ [ -72.523888, 42.351239 ], [ -72.523753, 42.351991 ], [ -72.524634, 42.351672 ], [ -72.524596, 42.351185 ], [ -72.525752, 42.351169 ], [ -72.52569, 42.34805 ], [ -72.522006, 42.347902 ], [ -72.522945, 42.350728 ], [ -72.523911, 42.350503 ], [ -72.524101, 42.350917 ], [ -72.523587, 42.351043 ], [ -72.523888, 42.351239 ] ] ] } },
{ "type": "Feature", "properties": { "status": "lingering", "address": "23 Summerfield Rd, Amherst, MA 01002", "price": "829000", "dom": "82", "pid": "F_389154_2955443", "hoa": "", "flood_ok": 1000, "nri_heat": 32.6, "nri_wildfire": 65.8, "nri_drought": 84.5, "nri_risk": 43.8, "pm25": 7.21, "ozone": 55.66, "heat_2050": 948.0, "precip1in_2050": 7.7 }, "geometry": { "type": "Polygon", "coordinates": [ [ [ -72.487526, 42.353771 ], [ -72.487891, 42.35391 ], [ -72.488174, 42.353549 ], [ -72.487753, 42.353381 ], [ -72.487526, 42.353771 ] ] ] } },
{ "type": "Feature", "properties": { "status": "lingering", "address": "2 Cronin Hill Rd, Hatfield, MA 01038", "price": "656900", "dom": "83", "pid": "F_357401_2972767", "hoa": "", "flood_ok": 1000, "nri_heat": 20.4, "nri_wildfire": 49.5, "nri_drought": 95.2, "nri_risk": 52.3, "pm25": 7.26, "ozone": 54.78, "heat_2050": 948.0, "precip1in_2050": 7.7 }, "geometry": { "type": "Polygon", "coordinates": [ [ [ -72.605747, 42.400349 ], [ -72.606864, 42.400398 ], [ -72.606955, 42.399853 ], [ -72.605626, 42.399819 ], [ -72.605164, 42.400323 ], [ -72.605747, 42.400349 ] ] ] } },
{ "type": "Feature", "properties": { "status": "lingering", "address": "36 Spruceland Ave, Springfield, MA 01108", "price": "475000", "dom": "83", "pid": "F_364513_2856633", "hoa": "", "flood_ok": 1000, "nri_heat": 60.1, "nri_wildfire": 47.6, "nri_drought": 0.0, "nri_risk": 73.9, "pm25": 7.84, "ozone": 58.55, "heat_2050": 1036.0, "precip1in_2050": 7.6 }, "geometry": { "type": "Polygon", "coordinates": [ [ [ -72.574261, 42.081532 ], [ -72.574335, 42.081888 ], [ -72.574554, 42.081865 ], [ -72.57448, 42.081507 ], [ -72.574261, 42.081532 ] ] ] } },
{ "type": "Feature", "properties": { "status": "lingering", "address": "47 Trafton Rd, Springfield, MA 01108", "price": "319999", "dom": "82", "pid": "F_369309_2857055", "hoa": "", "flood_ok": 500, "nri_heat": 60.1, "nri_wildfire": 47.6, "nri_drought": 0.0, "nri_risk": 73.9, "pm25": 7.84, "ozone": 58.55, "heat_2050": 1036.0, "precip1in_2050": 7.6 }, "geometry": { "type": "Polygon", "coordinates": [ [ [ -72.556612, 42.082896 ], [ -72.556731, 42.083185 ], [ -72.556907, 42.083145 ], [ -72.556789, 42.082856 ], [ -72.556612, 42.082896 ] ] ] } },
{ "type": "Feature", "properties": { "status": "lingering", "address": "185 Leyfred Ter, Springfield, MA 01108", "price": "324900", "dom": "82", "pid": "F_365903_2860380", "hoa": "", "flood_ok": 1000, "nri_heat": 35.2, "nri_wildfire": 23.9, "nri_drought": 0.0, "nri_risk": 16.8, "pm25": 7.83, "ozone": 58.47, "heat_2050": 1036.0, "precip1in_2050": 7.6 }, "geometry": { "type": "Polygon", "coordinates": [ [ [ -72.569333, 42.092015 ], [ -72.569472, 42.092208 ], [ -72.569619, 42.092117 ], [ -72.569373, 42.091777 ], [ -72.569333, 42.092015 ] ] ] } },
{ "type": "Feature", "properties": { "status": "lingering", "address": "124 S Branch St, Bennington, VT 05201", "price": "275000", "dom": "188", "pid": "051-015-68078", "hoa": "", "flood_ok": 1000, "nri_heat": 20.2, "nri_wildfire": 58.1, "nri_drought": 0.0, "nri_risk": 55.8, "pm25": 6.13, "ozone": 52.63, "heat_2050": 516.0, "precip1in_2050": 7.5 }, "geometry": { "type": "Polygon", "coordinates": [ [ [ -73.179738, 42.87839 ], [ -73.180829, 42.878324 ], [ -73.180848, 42.878106 ], [ -73.179734, 42.878136 ], [ -73.179738, 42.87839 ] ] ] } },
{ "type": "Feature", "properties": { "status": "lingering", "address": "Albert St, Adams, MA 01220", "price": "64900", "dom": "84", "pid": "M_67714_932620", "hoa": "", "flood_ok": 500, "nri_heat": 4.7, "nri_wildfire": 40.6, "nri_drought": 0.0, "nri_risk": 57.8, "pm25": 6.31, "ozone": 53.41, "heat_2050": 679.0, "precip1in_2050": 6.5 }, "geometry": { "type": "Polygon", "coordinates": [ [ [ -73.112267, 42.633612 ], [ -73.112948, 42.633221 ], [ -73.113449, 42.632358 ], [ -73.112958, 42.63226 ], [ -73.112267, 42.633612 ] ] ] } },
{ "type": "Feature", "properties": { "status": "lingering", "address": "Aldrich St, Lot D, Belchertown, MA 01007", "price": "725000", "dom": "77", "pid": "M_127650_891459", "hoa": "", "flood_ok": 1000, "nri_heat": 30.3, "nri_wildfire": 76.7, "nri_drought": 82.3, "nri_risk": 32.6, "pm25": 7.09, "ozone": 56.65, "heat_2050": 948.0, "precip1in_2050": 7.7 }, "geometry": { "type": "Polygon", "coordinates": [ [ [ -72.374757, 42.270958 ], [ -72.378094, 42.271339 ], [ -72.379268, 42.270388 ], [ -72.37867, 42.269066 ], [ -72.374544, 42.269888 ], [ -72.374757, 42.270958 ] ] ] } },
{ "type": "Feature", "properties": { "status": "lingering", "address": "219 Old Warren Rd, Palmer, MA 01069", "price": "325000", "dom": "74", "pid": "M_133912_882142", "hoa": "", "flood_ok": 500, "nri_heat": 32.6, "nri_wildfire": 60.0, "nri_drought": 0.0, "nri_risk": 33.3, "pm25": 7.1, "ozone": 58.01, "heat_2050": 1036.0, "precip1in_2050": 7.6 }, "geometry": { "type": "Polygon", "coordinates": [ [ [ -72.300023, 42.187199 ], [ -72.300531, 42.186805 ], [ -72.299352, 42.186753 ], [ -72.300023, 42.187199 ] ] ] } },
{ "type": "Feature", "properties": { "status": "lingering", "address": "140 Everett St, Easthampton, MA 01027", "price": "426000", "dom": "75", "pid": "M_104862_891792", "hoa": "", "flood_ok": 500, "nri_heat": 33.0, "nri_wildfire": 50.1, "nri_drought": 82.6, "nri_risk": 48.5, "pm25": 7.41, "ozone": 56.31, "heat_2050": 948.0, "precip1in_2050": 7.7 }, "geometry": { "type": "Polygon", "coordinates": [ [ [ -72.653038, 42.270489 ], [ -72.653193, 42.271164 ], [ -72.653522, 42.271127 ], [ -72.653375, 42.270452 ], [ -72.653038, 42.270489 ] ] ] } },
{ "type": "Feature", "properties": { "status": "lingering", "address": "16 Boynton Ave, South Hadley, MA 01075", "price": "350000", "dom": "76", "pid": "M_110948_888311", "hoa": "", "flood_ok": 500, "nri_heat": 25.6, "nri_wildfire": 37.2, "nri_drought": 74.7, "nri_risk": 16.6, "pm25": 7.48, "ozone": 57.28, "heat_2050": 948.0, "precip1in_2050": 7.7 }, "geometry": { "type": "Polygon", "coordinates": [ [ [ -72.578728, 42.240137 ], [ -72.578914, 42.240385 ], [ -72.579226, 42.240243 ], [ -72.579024, 42.240005 ], [ -72.578728, 42.240137 ] ] ] } },
{ "type": "Feature", "properties": { "status": "lingering", "address": "374 South St, Northampton, MA 01060", "price": "635000", "dom": "73", "pid": "M_105665_895760", "hoa": "", "flood_ok": 1000, "nri_heat": 24.4, "nri_wildfire": 59.5, "nri_drought": 93.7, "nri_risk": 27.9, "pm25": 7.33, "ozone": 55.61, "heat_2050": 948.0, "precip1in_2050": 7.7 }, "geometry": { "type": "Polygon", "coordinates": [ [ [ -72.64404, 42.306542 ], [ -72.644153, 42.306779 ], [ -72.644355, 42.306725 ], [ -72.644241, 42.306484 ], [ -72.64404, 42.306542 ] ] ] } },
{ "type": "Feature", "properties": { "status": "lingering", "address": "81 Mccarthy Ave, Chicopee, MA 01020", "price": "360000", "dom": "77", "pid": "F_366676_2900433", "hoa": "", "flood_ok": 1000, "nri_heat": 36.3, "nri_wildfire": 37.7, "nri_drought": 67.5, "nri_risk": 7.5, "pm25": 7.51, "ozone": 57.85, "heat_2050": 1036.0, "precip1in_2050": 7.6 }, "geometry": { "type": "Polygon", "coordinates": [ [ [ -72.568309, 42.202169 ], [ -72.568508, 42.202223 ], [ -72.568715, 42.201814 ], [ -72.56823, 42.201686 ], [ -72.568309, 42.202169 ] ] ] } },
{ "type": "Feature", "properties": { "status": "lingering", "address": "11 Carol Cir, Westfield, MA 01085", "price": "350000", "dom": "75", "pid": "F_317013_2889078", "hoa": "581", "flood_ok": 1000, "nri_heat": 48.2, "nri_wildfire": 67.5, "nri_drought": 91.0, "nri_risk": 74.5, "pm25": 7.28, "ozone": 56.6, "heat_2050": 1036.0, "precip1in_2050": 7.6 }, "geometry": { "type": "Polygon", "coordinates": [ [ [ -72.751855, 42.169615 ], [ -72.752329, 42.169689 ], [ -72.752513, 42.168657 ], [ -72.750059, 42.168165 ], [ -72.749662, 42.169271 ], [ -72.751855, 42.169615 ] ] ] } },
{ "type": "Feature", "properties": { "status": "lingering", "address": "289 Lower Sandyhill Rd, Westfield, MA 01085", "price": "90000", "dom": "50", "pid": "F_322580_2876383", "hoa": "", "flood_ok": 1000, "nri_heat": 47.2, "nri_wildfire": 66.3, "nri_drought": 86.5, "nri_risk": 75.5, "pm25": 7.49, "ozone": 57.17, "heat_2050": 1036.0, "precip1in_2050": 7.6 }, "geometry": { "type": "Polygon", "coordinates": [ [ [ -72.729117, 42.134521 ], [ -72.729457, 42.134961 ], [ -72.731228, 42.134932 ], [ -72.729521, 42.133436 ], [ -72.728907, 42.133806 ], [ -72.729434, 42.134389 ], [ -72.729117, 42.134521 ] ] ] } },
{ "type": "Feature", "properties": { "status": "lingering", "address": "74 Leatherleaf Dr, Springfield, MA 01109", "price": "324900", "dom": "77", "pid": "F_377397_2866498", "hoa": "", "flood_ok": 1000, "nri_heat": 51.3, "nri_wildfire": 42.6, "nri_drought": 77.3, "nri_risk": 55.3, "pm25": 7.74, "ozone": 58.56, "heat_2050": 1036.0, "precip1in_2050": 7.6 }, "geometry": { "type": "Polygon", "coordinates": [ [ [ -72.52718, 42.109106 ], [ -72.527199, 42.109314 ], [ -72.52762, 42.109276 ], [ -72.527585, 42.109109 ], [ -72.52718, 42.109106 ] ] ] } },
{ "type": "Feature", "properties": { "status": "lingering", "address": "208 Tanglewood Dr, Longmeadow, MA 01106", "price": "799000", "dom": "76", "pid": "F_367292_2849566", "hoa": "", "flood_ok": 1000, "nri_heat": 30.8, "nri_wildfire": 45.3, "nri_drought": 76.9, "nri_risk": 49.1, "pm25": 7.83, "ozone": 58.91, "heat_2050": 1036.0, "precip1in_2050": 7.6 }, "geometry": { "type": "Polygon", "coordinates": [ [ [ -72.563514, 42.06224 ], [ -72.563578, 42.062608 ], [ -72.564179, 42.062592 ], [ -72.564102, 42.062179 ], [ -72.563514, 42.06224 ] ] ] } },
{ "type": "Feature", "properties": { "status": "lingering", "address": "14-16 Revere St, Springfield, MA 01108", "price": "429000", "dom": "74", "pid": "F_368105_2861764", "hoa": "", "flood_ok": 1000, "nri_heat": 62.7, "nri_wildfire": 23.9, "nri_drought": 0.0, "nri_risk": 63.1, "pm25": 7.82, "ozone": 58.52, "heat_2050": 1036.0, "precip1in_2050": 7.6 }, "geometry": { "type": "Polygon", "coordinates": [ [ [ -72.561217, 42.095852 ], [ -72.561239, 42.095988 ], [ -72.561606, 42.095952 ], [ -72.561584, 42.095816 ], [ -72.561217, 42.095852 ] ] ] } },
{ "type": "Feature", "properties": { "status": "lingering", "address": "177 Porter Lake Dr, Unit 177, Springfield, MA 01106", "price": "359900", "dom": "75", "pid": "F_368261_2851970", "hoa": "648", "flood_ok": 500, "nri_heat": 60.1, "nri_wildfire": 47.6, "nri_drought": 0.0, "nri_risk": 73.9, "pm25": 7.84, "ozone": 58.55, "heat_2050": 1036.0, "precip1in_2050": 7.6 }, "geometry": { "type": "Polygon", "coordinates": [ [ [ -72.55997, 42.069356 ], [ -72.560739, 42.070251 ], [ -72.561193, 42.069476 ], [ -72.56026, 42.068655 ], [ -72.560155, 42.067667 ], [ -72.559652, 42.067717 ], [ -72.55997, 42.069356 ] ] ] } },
{ "type": "Feature", "properties": { "status": "lingering", "address": "164 Regency Park Dr, Unit 164, Agawam, MA 01001", "price": "175000", "dom": "72", "pid": "F_358405_2856595", "hoa": "317", "flood_ok": 500, "nri_heat": 42.6, "nri_wildfire": 43.8, "nri_drought": 83.4, "nri_risk": 57.5, "pm25": 7.8, "ozone": 58.33, "heat_2050": 1036.0, "precip1in_2050": 7.6 }, "geometry": { "type": "Polygon", "coordinates": [ [ [ -72.596193, 42.082026 ], [ -72.597132, 42.082196 ], [ -72.597608, 42.080743 ], [ -72.596673, 42.080584 ], [ -72.596193, 42.082026 ] ] ] } },
{ "type": "Feature", "properties": { "status": "lingering", "address": "60 Tori Ln, Bennington, VT 05201", "price": "132900", "dom": "74", "pid": "051-015-68220", "hoa": "", "flood_ok": 1000, "nri_heat": 20.2, "nri_wildfire": 58.1, "nri_drought": 0.0, "nri_risk": 55.8, "pm25": 6.13, "ozone": 52.63, "heat_2050": 516.0, "precip1in_2050": 7.5 }, "geometry": { "type": "Polygon", "coordinates": [ [ [ -73.167638, 42.87985 ], [ -73.167689, 42.87962 ], [ -73.167457, 42.87958 ], [ -73.167416, 42.879816 ], [ -73.167638, 42.87985 ] ] ] } },
{ "type": "Feature", "properties": { "status": "gone", "address": "268 Palmer Rd, Trlr 17, Monson, MA 01057", "price": "99900", "dom": "60", "pid": "F_434828_2877851", "hoa": "700", "flood_ok": 500, "nri_heat": 32.7, "nri_wildfire": 65.6, "nri_drought": 78.8, "nri_risk": 34.1, "pm25": 7.3, "ozone": 58.95, "heat_2050": 1036.0, "precip1in_2050": 7.6 }, "geometry": { "type": "Polygon", "coordinates": [ [ [ -72.318434, 42.143928 ], [ -72.316418, 42.140441 ], [ -72.313835, 42.142563 ], [ -72.314493, 42.143147 ], [ -72.313932, 42.143603 ], [ -72.314838, 42.144283 ], [ -72.315738, 42.14324 ], [ -72.317605, 42.143889 ], [ -72.317718, 42.144484 ], [ -72.318494, 42.144494 ], [ -72.318434, 42.143928 ] ] ] } },
{ "type": "Feature", "properties": { "status": "lingering", "address": "26 Gore Ave, Hatfield, MA 01038", "price": "574900", "dom": "156", "pid": "F_352984_2963654", "hoa": "", "flood_ok": 500, "nri_heat": 20.4, "nri_wildfire": 49.5, "nri_drought": 95.2, "nri_risk": 52.3, "pm25": 7.26, "ozone": 54.78, "heat_2050": 948.0, "precip1in_2050": 7.7 }, "geometry": { "type": "Polygon", "coordinates": [ [ [ -72.621762, 42.374633 ], [ -72.621688, 42.374978 ], [ -72.622068, 42.375422 ], [ -72.622598, 42.374764 ], [ -72.621762, 42.374633 ] ] ] } },
{ "type": "Feature", "properties": { "status": "lingering", "address": "6 Gross Ln, Easthampton, MA 01027", "price": "549900", "dom": "69", "pid": "M_105232_891734", "hoa": "", "flood_ok": 500, "nri_heat": 33.0, "nri_wildfire": 50.1, "nri_drought": 82.6, "nri_risk": 48.5, "pm25": 7.41, "ozone": 56.31, "heat_2050": 948.0, "precip1in_2050": 7.7 }, "geometry": { "type": "Polygon", "coordinates": [ [ [ -72.648552, 42.270201 ], [ -72.648623, 42.270514 ], [ -72.649027, 42.270465 ], [ -72.648962, 42.27015 ], [ -72.648552, 42.270201 ] ] ] } },
{ "type": "Feature", "properties": { "status": "lingering", "address": "94 Lyman Rd, Unit A, Northampton, MA 01060", "price": "875000", "dom": "70", "pid": "M_106983_896166", "hoa": "", "flood_ok": 1000, "nri_heat": 31.9, "nri_wildfire": 23.5, "nri_drought": 80.0, "nri_risk": 39.2, "pm25": 7.36, "ozone": 55.68, "heat_2050": 948.0, "precip1in_2050": 7.7 }, "geometry": { "type": "Polygon", "coordinates": [ [ [ -72.628021, 42.310515 ], [ -72.628294, 42.310647 ], [ -72.628539, 42.310369 ], [ -72.628272, 42.310239 ], [ -72.628021, 42.310515 ] ] ] } },
{ "type": "Feature", "properties": { "status": "lingering", "address": "2 Kevin Dr, Southampton, MA 01073", "price": "999000", "dom": "66", "pid": "F_320130_2906836", "hoa": "31", "flood_ok": 1000, "nri_heat": 24.6, "nri_wildfire": 68.1, "nri_drought": 86.5, "nri_risk": 24.0, "pm25": 7.25, "ozone": 56.15, "heat_2050": 948.0, "precip1in_2050": 7.7 }, "geometry": { "type": "Polygon", "coordinates": [ [ [ -72.74006, 42.21804 ], [ -72.740493, 42.218254 ], [ -72.741087, 42.217551 ], [ -72.740676, 42.217337 ], [ -72.74006, 42.21804 ] ] ] } },
{ "type": "Feature", "properties": { "status": "lingering", "address": "13-15 Cass St, Springfield, MA 01104", "price": "409000", "dom": "69", "pid": "F_360654_2867767", "hoa": "", "flood_ok": 1000, "nri_heat": 47.4, "nri_wildfire": 37.1, "nri_drought": 0.0, "nri_risk": 36.9, "pm25": 7.8, "ozone": 58.13, "heat_2050": 1036.0, "precip1in_2050": 7.6 }, "geometry": { "type": "Polygon", "coordinates": [ [ [ -72.588904, 42.112201 ], [ -72.589022, 42.112308 ], [ -72.589386, 42.112028 ], [ -72.589268, 42.111921 ], [ -72.588904, 42.112201 ] ] ] } },
{ "type": "Feature", "properties": { "status": "lingering", "address": "19 Suffolk St, Springfield, MA 01109", "price": "259900", "dom": "68", "pid": "F_370759_2867659", "hoa": "", "flood_ok": 500, "nri_heat": 54.9, "nri_wildfire": 36.5, "nri_drought": 0.0, "nri_risk": 41.1, "pm25": 7.8, "ozone": 58.39, "heat_2050": 1036.0, "precip1in_2050": 7.6 }, "geometry": { "type": "Polygon", "coordinates": [ [ [ -72.551713, 42.112243 ], [ -72.552112, 42.112251 ], [ -72.552072, 42.112037 ], [ -72.551684, 42.112091 ], [ -72.551713, 42.112243 ] ] ] } },
{ "type": "Feature", "properties": { "status": "lingering", "address": "34 Plain Rd E, Deerfield, MA 01373", "price": "899000", "dom": "69", "pid": "M_108180_917137", "hoa": "", "flood_ok": 1000, "nri_heat": 47.8, "nri_wildfire": 56.8, "nri_drought": 90.0, "nri_risk": 68.4, "pm25": 7.16, "ozone": 53.2, "heat_2050": 866.0, "precip1in_2050": 7.3 }, "geometry": { "type": "Polygon", "coordinates": [ [ [ -72.616761, 42.499735 ], [ -72.617036, 42.500328 ], [ -72.617887, 42.500224 ], [ -72.617327, 42.498478 ], [ -72.616137, 42.498619 ], [ -72.616761, 42.499735 ] ] ] } },
{ "type": "Feature", "properties": { "status": "lingering", "address": "Mount Anthony Rd, Bennington, VT 05201", "price": "75000", "dom": "67", "pid": "051-015-66164", "hoa": "", "flood_ok": 1000, "nri_heat": 24.1, "nri_wildfire": 46.9, "nri_drought": 0.0, "nri_risk": 87.5, "pm25": 6.14, "ozone": 52.56, "heat_2050": 516.0, "precip1in_2050": 7.5 }, "geometry": { "type": "MultiPolygon", "coordinates": [ [ [ [ -73.190488, 42.888137 ], [ -73.192497, 42.889408 ], [ -73.192927, 42.884363 ], [ -73.188796, 42.884166 ], [ -73.188713, 42.8856 ], [ -73.187595, 42.885485 ], [ -73.187586, 42.885958 ], [ -73.186836, 42.885956 ], [ -73.186838, 42.885333 ], [ -73.183497, 42.884695 ], [ -73.188387, 42.887252 ], [ -73.189283, 42.887989 ], [ -73.190488, 42.888137 ] ] ], [ [ [ -73.183679, 42.884999 ], [ -73.183917, 42.885154 ], [ -73.184224, 42.885238 ], [ -73.183788, 42.884999 ], [ -73.183679, 42.884999 ] ] ], [ [ [ -73.184202, 42.885517 ], [ -73.182665, 42.884647 ], [ -73.1823, 42.884982 ], [ -73.183276, 42.88551 ], [ -73.184202, 42.885517 ] ] ], [ [ [ -73.184902, 42.885806 ], [ -73.185263, 42.885958 ], [ -73.184288, 42.885415 ], [ -73.184698, 42.885822 ], [ -73.184902, 42.885806 ] ] ], [ [ [ -73.184857, 42.885878 ], [ -73.184799, 42.885896 ], [ -73.185053, 42.88597 ], [ -73.184992, 42.885909 ], [ -73.184857, 42.885878 ] ] ], [ [ [ -73.185263, 42.886042 ], [ -73.185481, 42.886144 ], [ -73.185569, 42.886168 ], [ -73.185194, 42.886003 ], [ -73.185263, 42.886042 ] ] ], [ [ [ -73.184891, 42.886034 ], [ -73.185232, 42.886164 ], [ -73.185341, 42.886172 ], [ -73.185115, 42.886057 ], [ -73.184891, 42.886034 ] ] ], [ [ [ -73.185673, 42.886102 ], [ -73.185774, 42.886201 ], [ -73.186186, 42.886269 ], [ -73.18591, 42.886127 ], [ -73.185673, 42.886102 ] ] ], [ [ [ -73.186414, 42.886293 ], [ -73.186383, 42.886308 ], [ -73.186606, 42.886353 ], [ -73.186501, 42.886298 ], [ -73.186414, 42.886293 ] ] ], [ [ [ -73.187729, 42.887135 ], [ -73.187915, 42.8874 ], [ -73.188531, 42.887566 ], [ -73.188121, 42.887253 ], [ -73.187729, 42.887135 ] ] ], [ [ [ -73.187894, 42.887509 ], [ -73.188283, 42.887715 ], [ -73.188717, 42.887762 ], [ -73.188576, 42.887657 ], [ -73.187894, 42.887509 ] ] ] ] } },
{ "type": "Feature", "properties": { "status": "lingering", "address": "87B Hill Rd, Pownal, VT 05261", "price": "399900", "dom": "70", "pid": "495-156-10144", "hoa": "", "flood_ok": 1000, "nri_heat": 12.1, "nri_wildfire": 58.6, "nri_drought": 0.0, "nri_risk": 45.2, "pm25": 6.21, "ozone": 52.82, "heat_2050": 516.0, "precip1in_2050": 7.5 }, "geometry": { "type": "Polygon", "coordinates": [ [ [ -73.231113, 42.761828 ], [ -73.230162, 42.76016 ], [ -73.229876, 42.760195 ], [ -73.229889, 42.761936 ], [ -73.231113, 42.761828 ] ] ] } },
{ "type": "Feature", "properties": { "status": "lingering", "address": "110 Short St, Bennington, VT 05201", "price": "350000", "dom": "71", "pid": "051-015-67207", "hoa": "", "flood_ok": 1000, "nri_heat": 24.1, "nri_wildfire": 46.9, "nri_drought": 0.0, "nri_risk": 87.5, "pm25": 6.14, "ozone": 52.56, "heat_2050": 516.0, "precip1in_2050": 7.5 }, "geometry": { "type": "Polygon", "coordinates": [ [ [ -73.189963, 42.876423 ], [ -73.190573, 42.876412 ], [ -73.190223, 42.875738 ], [ -73.189992, 42.87571 ], [ -73.189963, 42.876423 ] ] ] } },
{ "type": "Feature", "properties": { "status": "new", "address": "78 Wollaston St, Springfield, MA 01119", "price": "299900", "dom": "12", "pid": "F_381994_2876363", "hoa": "", "flood_ok": 500, "nri_heat": 45.3, "nri_wildfire": 50.4, "nri_drought": 0.0, "nri_risk": 45.2, "pm25": 7.65, "ozone": 58.41, "heat_2050": 1036.0, "precip1in_2050": 7.6 }, "geometry": { "type": "Polygon", "coordinates": [ [ [ -72.510646, 42.13638 ], [ -72.510673, 42.136516 ], [ -72.511111, 42.136468 ], [ -72.511084, 42.136333 ], [ -72.510646, 42.13638 ] ] ] } },
{ "type": "Feature", "properties": { "status": "lingering", "address": "229 Miller St, Trlr F4, Ludlow, MA 01056", "price": "135750", "dom": "59", "pid": "M_122676_880246", "hoa": "387", "flood_ok": 1000, "nri_heat": 38.2, "nri_wildfire": 61.4, "nri_drought": 80.8, "nri_risk": 29.4, "pm25": 7.43, "ozone": 58.03, "heat_2050": 1036.0, "precip1in_2050": 7.6 }, "geometry": { "type": "MultiPolygon", "coordinates": [ [ [ [ -72.437439, 42.169516 ], [ -72.437555, 42.168936 ], [ -72.436487, 42.168312 ], [ -72.435537, 42.167896 ], [ -72.434337, 42.16811 ], [ -72.434634, 42.169376 ], [ -72.437439, 42.169516 ] ] ], [ [ [ -72.437447, 42.166468 ], [ -72.435957, 42.166652 ], [ -72.43864, 42.167817 ], [ -72.437644, 42.166443 ], [ -72.437447, 42.166468 ] ] ] ] } },
{ "type": "Feature", "properties": { "status": "lingering", "address": "46-48 Fenwick St, Springfield, MA 01109", "price": "349750", "dom": "63", "pid": "F_372234_2867348", "hoa": "", "flood_ok": 1000, "nri_heat": 54.9, "nri_wildfire": 36.5, "nri_drought": 0.0, "nri_risk": 41.1, "pm25": 7.8, "ozone": 58.39, "heat_2050": 1036.0, "precip1in_2050": 7.6 }, "geometry": { "type": "Polygon", "coordinates": [ [ [ -72.546625, 42.111281 ], [ -72.546258, 42.111307 ], [ -72.546275, 42.111443 ], [ -72.546642, 42.11142 ], [ -72.546625, 42.111281 ] ] ] } },
{ "type": "Feature", "properties": { "status": "new", "address": "142 Springfield St, Springfield, MA 01107", "price": "449000", "dom": "7", "pid": "F_356916_2872492", "hoa": "", "flood_ok": 1000, "nri_heat": 33.0, "nri_wildfire": 32.0, "nri_drought": 0.0, "nri_risk": 32.1, "pm25": 7.78, "ozone": 58.07, "heat_2050": 1036.0, "precip1in_2050": 7.6 }, "geometry": { "type": "Polygon", "coordinates": [ [ [ -72.602858, 42.124893 ], [ -72.60326, 42.125155 ], [ -72.603435, 42.125002 ], [ -72.603032, 42.124741 ], [ -72.602858, 42.124893 ] ] ] } },
{ "type": "Feature", "properties": { "status": "lingering", "address": "86 Bowdoin St, Springfield, MA 01109", "price": "800000", "dom": "60", "pid": "F_364245_2868123", "hoa": "", "flood_ok": 1000, "nri_heat": 46.4, "nri_wildfire": 20.0, "nri_drought": 0.0, "nri_risk": 37.0, "pm25": 7.8, "ozone": 58.21, "heat_2050": 1036.0, "precip1in_2050": 7.6 }, "geometry": { "type": "Polygon", "coordinates": [ [ [ -72.576089, 42.112981 ], [ -72.575574, 42.113212 ], [ -72.575765, 42.113456 ], [ -72.576281, 42.113225 ], [ -72.576089, 42.112981 ] ] ] } },
{ "type": "Feature", "properties": { "status": "lingering", "address": "73 Bridge St, Apt 17, Northampton, MA 01060", "price": "312500", "dom": "63", "pid": "M_107247_897398", "hoa": "362", "flood_ok": 500, "nri_heat": 16.3, "nri_wildfire": 25.5, "nri_drought": 0.0, "nri_risk": 11.4, "pm25": 7.37, "ozone": 55.6, "heat_2050": 948.0, "precip1in_2050": 7.7 }, "geometry": { "type": "Polygon", "coordinates": [ [ [ -72.624876, 42.321994 ], [ -72.626035, 42.322216 ], [ -72.625315, 42.321252 ], [ -72.624519, 42.321481 ], [ -72.624876, 42.321994 ] ] ] } },
{ "type": "Feature", "properties": { "status": "lingering", "address": "15 Red Fox Ln, Amherst, MA 01002", "price": "545000", "dom": "119", "pid": "F_392518_2959317", "hoa": "8", "flood_ok": 500, "nri_heat": 32.6, "nri_wildfire": 65.8, "nri_drought": 84.5, "nri_risk": 43.8, "pm25": 7.21, "ozone": 55.66, "heat_2050": 948.0, "precip1in_2050": 7.7 }, "geometry": { "type": "Polygon", "coordinates": [ [ [ -72.475452, 42.364117 ], [ -72.475326, 42.364405 ], [ -72.475508, 42.36466 ], [ -72.475839, 42.364271 ], [ -72.475452, 42.364117 ] ] ] } },
{ "type": "Feature", "properties": { "status": "lingering", "address": "494 Station Rd, Amherst, MA 01002", "price": "739900", "dom": "62", "pid": "F_390745_2951174", "hoa": "", "flood_ok": 1000, "nri_heat": 32.6, "nri_wildfire": 65.8, "nri_drought": 84.5, "nri_risk": 43.8, "pm25": 7.21, "ozone": 55.66, "heat_2050": 948.0, "precip1in_2050": 7.7 }, "geometry": { "type": "Polygon", "coordinates": [ [ [ -72.481502, 42.341707 ], [ -72.481553, 42.342254 ], [ -72.482066, 42.342256 ], [ -72.482043, 42.341722 ], [ -72.481502, 42.341707 ] ] ] } },
{ "type": "Feature", "properties": { "status": "lingering", "address": "96 Straits Rd, Hatfield, MA 01038", "price": "675000", "dom": "60", "pid": "F_356894_2973004", "hoa": "", "flood_ok": 1000, "nri_heat": 20.4, "nri_wildfire": 49.5, "nri_drought": 95.2, "nri_risk": 52.3, "pm25": 7.26, "ozone": 54.78, "heat_2050": 948.0, "precip1in_2050": 7.7 }, "geometry": { "type": "Polygon", "coordinates": [ [ [ -72.607646, 42.400433 ], [ -72.607614, 42.400997 ], [ -72.608516, 42.40103 ], [ -72.608402, 42.400467 ], [ -72.607646, 42.400433 ] ] ] } },
{ "type": "Feature", "properties": { "status": "lingering", "address": "9 Flintlock Ln, Amherst, MA 01002", "price": "529000", "dom": "59", "pid": "F_390842_2958566", "hoa": "8", "flood_ok": 1000, "nri_heat": 32.6, "nri_wildfire": 65.8, "nri_drought": 84.5, "nri_risk": 43.8, "pm25": 7.21, "ozone": 55.66, "heat_2050": 948.0, "precip1in_2050": 7.7 }, "geometry": { "type": "Polygon", "coordinates": [ [ [ -72.481486, 42.362375 ], [ -72.481965, 42.362425 ], [ -72.481974, 42.362177 ], [ -72.481603, 42.362085 ], [ -72.481486, 42.362375 ] ] ] } },
{ "type": "Feature", "properties": { "status": "gone", "address": "137 Appleton St, Springfield, MA 01108", "price": "285000", "dom": "56", "pid": "F_370827_2854709", "hoa": "", "flood_ok": 1000, "nri_heat": 65.3, "nri_wildfire": 0.0, "nri_drought": 0.0, "nri_risk": 76.9, "pm25": 7.84, "ozone": 58.63, "heat_2050": 1036.0, "precip1in_2050": 7.6 }, "geometry": { "type": "Polygon", "coordinates": [ [ [ -72.550878, 42.076567 ], [ -72.5511, 42.076786 ], [ -72.551247, 42.076704 ], [ -72.551025, 42.076485 ], [ -72.550878, 42.076567 ] ] ] } },
{ "type": "Feature", "properties": { "status": "lingering", "address": "174 Locust St, Springfield, MA 01108", "price": "975000", "dom": "57", "pid": "F_364757_2860010", "hoa": "", "flood_ok": 500, "nri_heat": 45.2, "nri_wildfire": 21.5, "nri_drought": 0.0, "nri_risk": 34.7, "pm25": 7.83, "ozone": 58.39, "heat_2050": 1036.0, "precip1in_2050": 7.6 }, "geometry": { "type": "Polygon", "coordinates": [ [ [ -72.573429, 42.090947 ], [ -72.573605, 42.091141 ], [ -72.573917, 42.09098 ], [ -72.573702, 42.090812 ], [ -72.573429, 42.090947 ] ] ] } },
{ "type": "Feature", "properties": { "status": "lingering", "address": "549 West St, Keene, NH 03431", "price": "459900", "dom": "207", "pid": "034113-565-001-000-000", "hoa": "", "flood_ok": 500, "nri_heat": 47.1, "nri_wildfire": 57.2, "nri_drought": 0.0, "nri_risk": 54.8, "pm25": 5.77, "ozone": 51.58, "heat_2050": 771.0, "precip1in_2050": 5.5 }, "geometry": { "type": "Polygon", "coordinates": [ [ [ -72.299528, 42.93432 ], [ -72.299774, 42.93444 ], [ -72.300049, 42.934153 ], [ -72.299615, 42.933983 ], [ -72.299528, 42.93432 ] ] ] } },
{ "type": "Feature", "properties": { "status": "lingering", "address": "17 Waters Edge Rd, Swanzey, NH 03431", "price": "404500", "dom": "63", "pid": "034210-103053000000000000", "hoa": "", "flood_ok": 500, "nri_heat": 38.0, "nri_wildfire": 78.7, "nri_drought": 0.0, "nri_risk": 58.2, "pm25": 5.87, "ozone": 51.98, "heat_2050": 771.0, "precip1in_2050": 5.5 }, "geometry": { "type": "Polygon", "coordinates": [ [ [ -72.258953, 42.903592 ], [ -72.259442, 42.903646 ], [ -72.259433, 42.903471 ], [ -72.258995, 42.903472 ], [ -72.258953, 42.903592 ] ] ] } },
{ "type": "Feature", "properties": { "status": "lingering", "address": "211 Main St, Wilbraham, MA 01095", "price": "424000", "dom": "56", "pid": "F_403570_2876740", "hoa": "", "flood_ok": 500, "nri_heat": 48.4, "nri_wildfire": 56.5, "nri_drought": 82.8, "nri_risk": 50.5, "pm25": 7.5, "ozone": 58.43, "heat_2050": 1036.0, "precip1in_2050": 7.6 }, "geometry": { "type": "Polygon", "coordinates": [ [ [ -72.429357, 42.13809 ], [ -72.429195, 42.138487 ], [ -72.429942, 42.138533 ], [ -72.433433, 42.13817 ], [ -72.433223, 42.137675 ], [ -72.429357, 42.13809 ] ] ] } },
{ "type": "Feature", "properties": { "status": "lingering", "address": "119 Littleton St, Springfield, MA 01104", "price": "309900", "dom": "57", "pid": "F_363518_2872543", "hoa": "", "flood_ok": 1000, "nri_heat": 61.6, "nri_wildfire": 38.0, "nri_drought": 0.0, "nri_risk": 25.3, "pm25": 7.78, "ozone": 58.08, "heat_2050": 1036.0, "precip1in_2050": 7.6 }, "geometry": { "type": "Polygon", "coordinates": [ [ [ -72.578641, 42.125281 ], [ -72.578893, 42.125441 ], [ -72.578989, 42.125358 ], [ -72.578737, 42.125197 ], [ -72.578641, 42.125281 ] ] ] } },
{ "type": "Feature", "properties": { "status": "lingering", "address": "94-96 Byers St, Springfield, MA 01105", "price": "419900", "dom": "51", "pid": "F_361888_2865909", "hoa": "", "flood_ok": 1000, "nri_heat": 32.3, "nri_wildfire": 34.9, "nri_drought": 0.0, "nri_risk": 39.6, "pm25": 7.82, "ozone": 58.19, "heat_2050": 1036.0, "precip1in_2050": 7.6 }, "geometry": { "type": "Polygon", "coordinates": [ [ [ -72.584368, 42.107041 ], [ -72.584558, 42.107161 ], [ -72.584659, 42.107081 ], [ -72.584463, 42.106957 ], [ -72.584368, 42.107041 ] ] ] } },
{ "type": "Feature", "properties": { "status": "gone", "address": "26 Hebron St, Springfield, MA 01107", "price": "425000", "dom": "47", "pid": "F_357518_2868547", "hoa": "", "flood_ok": 500, "nri_heat": 24.1, "nri_wildfire": 24.5, "nri_drought": 0.0, "nri_risk": 31.5, "pm25": 7.8, "ozone": 58.1, "heat_2050": 1036.0, "precip1in_2050": 7.6 }, "geometry": { "type": "Polygon", "coordinates": [ [ [ -72.600541, 42.114091 ], [ -72.600809, 42.114293 ], [ -72.600941, 42.114198 ], [ -72.600673, 42.113995 ], [ -72.600541, 42.114091 ] ] ] } },
{ "type": "Feature", "properties": { "status": "lingering", "address": "139 Blanchard St, Chicopee, MA 01020", "price": "650000", "dom": "54", "pid": "F_368123_2901606", "hoa": "", "flood_ok": 500, "nri_heat": 36.3, "nri_wildfire": 37.7, "nri_drought": 67.5, "nri_risk": 7.5, "pm25": 7.51, "ozone": 57.85, "heat_2050": 1036.0, "precip1in_2050": 7.6 }, "geometry": { "type": "Polygon", "coordinates": [ [ [ -72.563031, 42.204949 ], [ -72.563147, 42.205535 ], [ -72.563681, 42.205102 ], [ -72.56336, 42.204915 ], [ -72.563031, 42.204949 ] ] ] } },
{ "type": "Feature", "properties": { "status": "lingering", "address": "171 Dartmouth Ter, Springfield, MA 01109", "price": "434900", "dom": "54", "pid": "F_364801_2869679", "hoa": "", "flood_ok": 1000, "nri_heat": 46.4, "nri_wildfire": 20.0, "nri_drought": 0.0, "nri_risk": 37.0, "pm25": 7.8, "ozone": 58.21, "heat_2050": 1036.0, "precip1in_2050": 7.6 }, "geometry": { "type": "Polygon", "coordinates": [ [ [ -72.573877, 42.117727 ], [ -72.574028, 42.117749 ], [ -72.574144, 42.117321 ], [ -72.573879, 42.117258 ], [ -72.573877, 42.117727 ] ] ] } },
{ "type": "Feature", "properties": { "status": "lingering", "address": "78 Ferry St, Easthampton, MA 01027", "price": "399000", "dom": "84", "pid": "M_105095_892295", "hoa": "", "flood_ok": 1000, "nri_heat": 33.0, "nri_wildfire": 50.1, "nri_drought": 82.6, "nri_risk": 48.5, "pm25": 7.41, "ozone": 56.31, "heat_2050": 948.0, "precip1in_2050": 7.7 }, "geometry": { "type": "Polygon", "coordinates": [ [ [ -72.650427, 42.275528 ], [ -72.650714, 42.275546 ], [ -72.650637, 42.275179 ], [ -72.650396, 42.275209 ], [ -72.650427, 42.275528 ] ] ] } },
{ "type": "Feature", "properties": { "status": "lingering", "address": "202 Brickyard Rd, Southampton, MA 01073", "price": "249999", "dom": "57", "pid": "F_318116_2900139", "hoa": "", "flood_ok": 1000, "nri_heat": 24.6, "nri_wildfire": 68.1, "nri_drought": 86.5, "nri_risk": 24.0, "pm25": 7.25, "ozone": 56.15, "heat_2050": 948.0, "precip1in_2050": 7.7 }, "geometry": { "type": "Polygon", "coordinates": [ [ [ -72.745012, 42.20178 ], [ -72.74656, 42.201908 ], [ -72.746608, 42.201407 ], [ -72.747834, 42.201095 ], [ -72.747571, 42.200229 ], [ -72.749775, 42.200187 ], [ -72.750494, 42.197382 ], [ -72.746202, 42.196275 ], [ -72.745862, 42.199393 ], [ -72.744321, 42.19952 ], [ -72.744192, 42.20121 ], [ -72.745087, 42.201282 ], [ -72.745012, 42.20178 ] ] ] } },
{ "type": "Feature", "properties": { "status": "lingering", "address": "14 Florence Rd, Easthampton, MA 01027", "price": "414900", "dom": "55", "pid": "M_103464_893077", "hoa": "", "flood_ok": 500, "nri_heat": 30.6, "nri_wildfire": 53.6, "nri_drought": 0.0, "nri_risk": 38.3, "pm25": 7.35, "ozone": 55.98, "heat_2050": 948.0, "precip1in_2050": 7.7 }, "geometry": { "type": "Polygon", "coordinates": [ [ [ -72.670152, 42.282134 ], [ -72.670172, 42.282379 ], [ -72.670723, 42.282319 ], [ -72.6707, 42.28207 ], [ -72.670152, 42.282134 ] ] ] } },
{ "type": "Feature", "properties": { "status": "lingering", "address": "71 West St, Hatfield, MA 01088", "price": "544900", "dom": "56", "pid": "F_349652_2964733", "hoa": "", "flood_ok": 500, "nri_heat": 20.4, "nri_wildfire": 49.5, "nri_drought": 95.2, "nri_risk": 52.3, "pm25": 7.26, "ozone": 54.78, "heat_2050": 948.0, "precip1in_2050": 7.7 }, "geometry": { "type": "Polygon", "coordinates": [ [ [ -72.633307, 42.377678 ], [ -72.633127, 42.378142 ], [ -72.635723, 42.377863 ], [ -72.635636, 42.377438 ], [ -72.633307, 42.377678 ] ] ] } },
{ "type": "Feature", "properties": { "status": "lingering", "address": "497 Main St, Hatfield, MA 01038", "price": "699000", "dom": "54", "pid": "F_361314_2979233", "hoa": "", "flood_ok": 500, "nri_heat": 20.4, "nri_wildfire": 49.5, "nri_drought": 95.2, "nri_risk": 52.3, "pm25": 7.26, "ozone": 54.78, "heat_2050": 948.0, "precip1in_2050": 7.7 }, "geometry": { "type": "Polygon", "coordinates": [ [ [ -72.590748, 42.418048 ], [ -72.593085, 42.418396 ], [ -72.593198, 42.41793 ], [ -72.590852, 42.417583 ], [ -72.590748, 42.418048 ] ] ] } },
{ "type": "Feature", "properties": { "status": "lingering", "address": "136 Main St, Hatfield, MA 01038", "price": "1399900", "dom": "54", "pid": "F_361019_2965956", "hoa": "", "flood_ok": 500, "nri_heat": 20.4, "nri_wildfire": 49.5, "nri_drought": 95.2, "nri_risk": 52.3, "pm25": 7.26, "ozone": 54.78, "heat_2050": 948.0, "precip1in_2050": 7.7 }, "geometry": { "type": "Polygon", "coordinates": [ [ [ -72.591659, 42.381791 ], [ -72.593089, 42.381857 ], [ -72.593204, 42.381366 ], [ -72.59192, 42.381178 ], [ -72.591659, 42.381791 ] ] ] } },
{ "type": "Feature", "properties": { "status": "lingering", "address": "5 Meadow Oak Ln, Unit B, Deerfield, MA 01373", "price": "330000", "dom": "55", "pid": "M_106630_918758", "hoa": "315", "flood_ok": 500, "nri_heat": 47.8, "nri_wildfire": 56.8, "nri_drought": 90.0, "nri_risk": 68.4, "pm25": 7.16, "ozone": 53.2, "heat_2050": 866.0, "precip1in_2050": 7.3 }, "geometry": { "type": "Polygon", "coordinates": [ [ [ -72.634339, 42.513772 ], [ -72.634583, 42.514811 ], [ -72.637789, 42.514411 ], [ -72.637815, 42.513945 ], [ -72.635147, 42.514157 ], [ -72.637897, 42.513793 ], [ -72.638076, 42.513307 ], [ -72.634339, 42.513772 ] ] ] } },
{ "type": "Feature", "properties": { "status": "lingering", "address": "1 Plantation Dr, Unit 1, Agawam, MA 01001", "price": "259000", "dom": "54", "pid": "F_356367_2853740", "hoa": "360", "flood_ok": 500, "nri_heat": 42.6, "nri_wildfire": 43.8, "nri_drought": 83.4, "nri_risk": 57.5, "pm25": 7.8, "ozone": 58.33, "heat_2050": 1036.0, "precip1in_2050": 7.6 }, "geometry": { "type": "Polygon", "coordinates": [ [ [ -72.604737, 42.076023 ], [ -72.605418, 42.07584 ], [ -72.604623, 42.073409 ], [ -72.605855, 42.073234 ], [ -72.604676, 42.071644 ], [ -72.603475, 42.071711 ], [ -72.603266, 42.07109 ], [ -72.602855, 42.071198 ], [ -72.604142, 42.075798 ], [ -72.604619, 42.075654 ], [ -72.604737, 42.076023 ] ] ] } },
{ "type": "Feature", "properties": { "status": "lingering", "address": "89 W Alvord St, Springfield, MA 01108", "price": "260000", "dom": "55", "pid": "F_371302_2859643", "hoa": "", "flood_ok": 500, "nri_heat": 62.7, "nri_wildfire": 23.9, "nri_drought": 0.0, "nri_risk": 63.1, "pm25": 7.82, "ozone": 58.52, "heat_2050": 1036.0, "precip1in_2050": 7.6 }, "geometry": { "type": "Polygon", "coordinates": [ [ [ -72.549305, 42.09014 ], [ -72.549326, 42.090276 ], [ -72.549768, 42.090238 ], [ -72.549747, 42.090102 ], [ -72.549305, 42.09014 ] ] ] } },
{ "type": "Feature", "properties": { "status": "lingering", "address": "58 Euclid Ave, Springfield, MA 01108", "price": "529900", "dom": "52", "pid": "F_366165_2859494", "hoa": "", "flood_ok": 1000, "nri_heat": 35.2, "nri_wildfire": 23.9, "nri_drought": 0.0, "nri_risk": 16.8, "pm25": 7.83, "ozone": 58.47, "heat_2050": 1036.0, "precip1in_2050": 7.6 }, "geometry": { "type": "Polygon", "coordinates": [ [ [ -72.568262, 42.089555 ], [ -72.568518, 42.089752 ], [ -72.56865, 42.089656 ], [ -72.568394, 42.089459 ], [ -72.568262, 42.089555 ] ] ] } },
{ "type": "Feature", "properties": { "status": "lingering", "address": "26 Blue Jay Ct, Keene, NH 03431", "price": "74000", "dom": "81", "pid": "034113-219-001-000-125", "hoa": "565", "flood_ok": 500, "nri_heat": 47.1, "nri_wildfire": 57.2, "nri_drought": 0.0, "nri_risk": 54.8, "pm25": 5.77, "ozone": 51.58, "heat_2050": 771.0, "precip1in_2050": 5.5 }, "geometry": { "type": "Polygon", "coordinates": [ [ [ -72.30884, 42.95877 ], [ -72.308858, 42.958807 ], [ -72.309037, 42.95876 ], [ -72.30902, 42.958723 ], [ -72.30884, 42.95877 ] ] ] } },
{ "type": "Feature", "properties": { "status": "lingering", "address": "928 Main Rd, Stamford, VT 05352", "price": "399000", "dom": "54", "pid": "609-191-10183", "hoa": "", "flood_ok": 1000, "nri_heat": 8.6, "nri_wildfire": 56.2, "nri_drought": 0.0, "nri_risk": 44.7, "pm25": 5.99, "ozone": 52.74, "heat_2050": 679.0, "precip1in_2050": 6.5 }, "geometry": { "type": "Polygon", "coordinates": [ [ [ -73.068185, 42.754522 ], [ -73.068353, 42.753711 ], [ -73.06626, 42.753403 ], [ -73.066163, 42.754295 ], [ -73.068185, 42.754522 ] ] ] } },
{ "type": "Feature", "properties": { "status": "lingering", "address": "1955 Vt Rte, 100, Readsboro, VT 05350", "price": "229900", "dom": "57", "pid": "513-161-10135", "hoa": "", "flood_ok": 1000, "nri_heat": 8.6, "nri_wildfire": 56.2, "nri_drought": 0.0, "nri_risk": 44.7, "pm25": 5.99, "ozone": 52.74, "heat_2050": 605.0, "precip1in_2050": 7.6 }, "geometry": { "type": "Polygon", "coordinates": [ [ [ -72.99154, 42.829132 ], [ -72.991571, 42.829419 ], [ -72.992468, 42.829074 ], [ -72.992306, 42.828812 ], [ -72.99154, 42.829132 ] ] ] } },
{ "type": "Feature", "properties": { "status": "lingering", "address": "Jaffrey Rd, Peterborough, NH 03458", "price": "250000", "dom": "57", "pid": "064171-R003-029-000", "hoa": "", "flood_ok": 1000, "nri_heat": 16.3, "nri_wildfire": 65.9, "nri_drought": 0.0, "nri_risk": 76.6, "pm25": 4.73, "ozone": 53.54, "heat_2050": 771.0, "precip1in_2050": 5.5 }, "geometry": { "type": "MultiPolygon", "coordinates": [ [ [ [ -71.975647, 42.837969 ], [ -71.976057, 42.840451 ], [ -71.97855, 42.840323 ], [ -71.978091, 42.83776 ], [ -71.979439, 42.837645 ], [ -71.979124, 42.837136 ], [ -71.977171, 42.836864 ], [ -71.973853, 42.837741 ], [ -71.970903, 42.838106 ], [ -71.973305, 42.838011 ], [ -71.975582, 42.837388 ], [ -71.975647, 42.837969 ] ] ], [ [ [ -71.972901, 42.837629 ], [ -71.973805, 42.83761 ], [ -71.974429, 42.837336 ], [ -71.972901, 42.837629 ] ] ] ] } },
{ "type": "Feature", "properties": { "status": "lingering", "address": "144-146 Magazine St, Springfield, MA 01109", "price": "529900", "dom": "50", "pid": "F_363737_2867759", "hoa": "", "flood_ok": 1000, "nri_heat": 46.4, "nri_wildfire": 20.0, "nri_drought": 0.0, "nri_risk": 37.0, "pm25": 7.8, "ozone": 58.21, "heat_2050": 1036.0, "precip1in_2050": 7.6 }, "geometry": { "type": "Polygon", "coordinates": [ [ [ -72.577637, 42.112287 ], [ -72.577837, 42.112397 ], [ -72.577929, 42.112074 ], [ -72.577717, 42.112041 ], [ -72.577637, 42.112287 ] ] ] } },
{ "type": "Feature", "properties": { "status": "lingering", "address": "28 Skipper Ln, Westfield, MA 01085", "price": "249000", "dom": "48", "pid": "F_322915_2883642", "hoa": "", "flood_ok": 500, "nri_heat": 48.2, "nri_wildfire": 67.5, "nri_drought": 91.0, "nri_risk": 74.5, "pm25": 7.28, "ozone": 56.6, "heat_2050": 1036.0, "precip1in_2050": 7.6 }, "geometry": { "type": "Polygon", "coordinates": [ [ [ -72.72874, 42.15419 ], [ -72.72879, 42.154451 ], [ -72.72939, 42.154333 ], [ -72.72936, 42.154101 ], [ -72.72874, 42.15419 ] ] ] } },
{ "type": "Feature", "properties": { "status": "lingering", "address": "9-11 James St, Holyoke, MA 01040", "price": "519900", "dom": "43", "pid": "F_351613_2896446", "hoa": "", "flood_ok": 500, "nri_heat": 39.2, "nri_wildfire": 49.1, "nri_drought": 0.0, "nri_risk": 54.0, "pm25": 7.61, "ozone": 57.39, "heat_2050": 1036.0, "precip1in_2050": 7.6 }, "geometry": { "type": "Polygon", "coordinates": [ [ [ -72.624011, 42.190305 ], [ -72.623572, 42.190497 ], [ -72.623695, 42.190671 ], [ -72.624134, 42.190486 ], [ -72.624011, 42.190305 ] ] ] } },
{ "type": "Feature", "properties": { "status": "lingering", "address": "5 Torrey St, Easthampton, MA 01027", "price": "340000", "dom": "196", "pid": "M_99753_892508", "hoa": "", "flood_ok": 500, "nri_heat": 22.7, "nri_wildfire": 61.5, "nri_drought": 79.7, "nri_risk": 14.3, "pm25": 7.36, "ozone": 56.11, "heat_2050": 948.0, "precip1in_2050": 7.7 }, "geometry": { "type": "Polygon", "coordinates": [ [ [ -72.714591, 42.276025 ], [ -72.714659, 42.277029 ], [ -72.716202, 42.276968 ], [ -72.716285, 42.276542 ], [ -72.714591, 42.276025 ] ] ] } },
{ "type": "Feature", "properties": { "status": "lingering", "address": "23-25 High St, Easthampton, MA 01027", "price": "619000", "dom": "48", "pid": "M_103559_891762", "hoa": "", "flood_ok": 1000, "nri_heat": 30.6, "nri_wildfire": 53.6, "nri_drought": 0.0, "nri_risk": 38.3, "pm25": 7.35, "ozone": 55.98, "heat_2050": 948.0, "precip1in_2050": 7.7 }, "geometry": { "type": "Polygon", "coordinates": [ [ [ -72.668904, 42.270268 ], [ -72.668968, 42.270534 ], [ -72.66924, 42.270496 ], [ -72.669176, 42.270231 ], [ -72.668904, 42.270268 ] ] ] } },
{ "type": "Feature", "properties": { "status": "lingering", "address": "483 Federal St, Montague, MA 01351", "price": "270000", "dom": "48", "pid": "M_115417_919983", "hoa": "", "flood_ok": 500, "nri_heat": 33.4, "nri_wildfire": 71.2, "nri_drought": 84.0, "nri_risk": 26.5, "pm25": 7.09, "ozone": 53.31, "heat_2050": 866.0, "precip1in_2050": 7.3 }, "geometry": { "type": "Polygon", "coordinates": [ [ [ -72.529074, 42.526048 ], [ -72.530205, 42.526392 ], [ -72.53014, 42.525559 ], [ -72.528254, 42.525314 ], [ -72.529074, 42.526048 ] ] ] } },
{ "type": "Feature", "properties": { "status": "lingering", "address": "281-285 Belmont Ave, Springfield, MA 01108", "price": "799900", "dom": "47", "pid": "F_366487_2858930", "hoa": "", "flood_ok": 1000, "nri_heat": 35.2, "nri_wildfire": 23.9, "nri_drought": 0.0, "nri_risk": 16.8, "pm25": 7.83, "ozone": 58.47, "heat_2050": 1036.0, "precip1in_2050": 7.6 }, "geometry": { "type": "Polygon", "coordinates": [ [ [ -72.567034, 42.088111 ], [ -72.567197, 42.088223 ], [ -72.567482, 42.087992 ], [ -72.567237, 42.087947 ], [ -72.567034, 42.088111 ] ] ] } },
{ "type": "Feature", "properties": { "status": "lingering", "address": "51 Pageant St, Bennington, VT 05201", "price": "315000", "dom": "50", "pid": "051-015-66050", "hoa": "", "flood_ok": 1000, "nri_heat": 24.1, "nri_wildfire": 46.9, "nri_drought": 0.0, "nri_risk": 87.5, "pm25": 6.14, "ozone": 52.56, "heat_2050": 516.0, "precip1in_2050": 7.5 }, "geometry": { "type": "Polygon", "coordinates": [ [ [ -73.204624, 42.891925 ], [ -73.204648, 42.89197 ], [ -73.205176, 42.891807 ], [ -73.20504, 42.891567 ], [ -73.204624, 42.891925 ] ] ] } },
{ "type": "Feature", "properties": { "status": "lingering", "address": "3 Maplelawn Dr, Monson, MA 01057", "price": "409900", "dom": "41", "pid": "F_436288_2876106", "hoa": "", "flood_ok": 500, "nri_heat": 32.7, "nri_wildfire": 65.6, "nri_drought": 78.8, "nri_risk": 34.1, "pm25": 7.3, "ozone": 58.95, "heat_2050": 1036.0, "precip1in_2050": 7.6 }, "geometry": { "type": "Polygon", "coordinates": [ [ [ -72.310393, 42.137231 ], [ -72.31047, 42.137478 ], [ -72.311009, 42.137386 ], [ -72.310931, 42.137138 ], [ -72.310393, 42.137231 ] ] ] } },
{ "type": "Feature", "properties": { "status": "lingering", "address": "511 Michael Sears Rd, Belchertown, MA 01007", "price": "435900", "dom": "43", "pid": "M_128820_885629", "hoa": "", "flood_ok": 1000, "nri_heat": 30.3, "nri_wildfire": 76.7, "nri_drought": 82.3, "nri_risk": 32.6, "pm25": 7.09, "ozone": 56.65, "heat_2050": 1036.0, "precip1in_2050": 7.6 }, "geometry": { "type": "Polygon", "coordinates": [ [ [ -72.361038, 42.218102 ], [ -72.363592, 42.218079 ], [ -72.363578, 42.217623 ], [ -72.360916, 42.217673 ], [ -72.360358, 42.218097 ], [ -72.361038, 42.218102 ] ] ] } },
{ "type": "Feature", "properties": { "status": "lingering", "address": "43 Cornell St, Springfield, MA 01109", "price": "310000", "dom": "42", "pid": "F_365068_2870028", "hoa": "", "flood_ok": 500, "nri_heat": 46.4, "nri_wildfire": 20.0, "nri_drought": 0.0, "nri_risk": 37.0, "pm25": 7.8, "ozone": 58.21, "heat_2050": 1036.0, "precip1in_2050": 7.6 }, "geometry": { "type": "Polygon", "coordinates": [ [ [ -72.572826, 42.118414 ], [ -72.573043, 42.118563 ], [ -72.57325, 42.118441 ], [ -72.572836, 42.118379 ], [ -72.572826, 42.118414 ] ] ] } },
{ "type": "Feature", "properties": { "status": "lingering", "address": "19 Eldert St, Springfield, MA 01109", "price": "294900", "dom": "37", "pid": "F_372822_2871384", "hoa": "", "flood_ok": 500, "nri_heat": 21.1, "nri_wildfire": 21.7, "nri_drought": 0.0, "nri_risk": 5.5, "pm25": 7.75, "ozone": 58.32, "heat_2050": 1036.0, "precip1in_2050": 7.6 }, "geometry": { "type": "Polygon", "coordinates": [ [ [ -72.544316, 42.122373 ], [ -72.544477, 42.12261 ], [ -72.544625, 42.122554 ], [ -72.544448, 42.122293 ], [ -72.544316, 42.122373 ] ] ] } },
{ "type": "Feature", "properties": { "status": "lingering", "address": "66 Glendale St, Easthampton, MA 01027", "price": "499000", "dom": "43", "pid": "M_101950_891169", "hoa": "", "flood_ok": 1000, "nri_heat": 30.6, "nri_wildfire": 53.6, "nri_drought": 0.0, "nri_risk": 38.3, "pm25": 7.35, "ozone": 55.98, "heat_2050": 948.0, "precip1in_2050": 7.7 }, "geometry": { "type": "Polygon", "coordinates": [ [ [ -72.68806, 42.264826 ], [ -72.688934, 42.265216 ], [ -72.688455, 42.264504 ], [ -72.68806, 42.264826 ] ] ] } },
{ "type": "Feature", "properties": { "status": "gone", "address": "37 Squirrel Rd, Springfield, MA 01108", "price": "349000", "dom": "50", "pid": "F_371958_2852246", "hoa": "", "flood_ok": 1000, "nri_heat": 15.9, "nri_wildfire": 25.2, "nri_drought": 0.0, "nri_risk": 5.7, "pm25": 7.85, "ozone": 58.78, "heat_2050": 1036.0, "precip1in_2050": 7.6 }, "geometry": { "type": "Polygon", "coordinates": [ [ [ -72.54657, 42.069966 ], [ -72.546793, 42.070088 ], [ -72.547003, 42.069858 ], [ -72.546775, 42.069741 ], [ -72.54657, 42.069966 ] ] ] } },
{ "type": "Feature", "properties": { "status": "lingering", "address": "16 Corey Colonial, Unit 16, Agawam, MA 01001", "price": "259500", "dom": "40", "pid": "F_355691_2853971", "hoa": "230", "flood_ok": 500, "nri_heat": 42.6, "nri_wildfire": 43.8, "nri_drought": 83.4, "nri_risk": 57.5, "pm25": 7.8, "ozone": 58.33, "heat_2050": 1036.0, "precip1in_2050": 7.6 }, "geometry": { "type": "Polygon", "coordinates": [ [ [ -72.604815, 42.073996 ], [ -72.605418, 42.07584 ], [ -72.608067, 42.075174 ], [ -72.608716, 42.074558 ], [ -72.608576, 42.072667 ], [ -72.605458, 42.072713 ], [ -72.605855, 42.073234 ], [ -72.604623, 42.073409 ], [ -72.604815, 42.073996 ] ] ] } },
{ "type": "Feature", "properties": { "status": "lingering", "address": "133 Denwall Dr, Springfield, MA 01119", "price": "289000", "dom": "39", "pid": "F_380992_2870896", "hoa": "", "flood_ok": 1000, "nri_heat": 47.9, "nri_wildfire": 37.8, "nri_drought": 0.0, "nri_risk": 23.8, "pm25": 7.69, "ozone": 58.47, "heat_2050": 1036.0, "precip1in_2050": 7.6 }, "geometry": { "type": "Polygon", "coordinates": [ [ [ -72.514136, 42.121444 ], [ -72.514551, 42.121497 ], [ -72.514517, 42.121252 ], [ -72.514113, 42.121283 ], [ -72.514136, 42.121444 ] ] ] } },
{ "type": "Feature", "properties": { "status": "lingering", "address": "22 Valley Rd, Brattleboro, VT 05301", "price": "56000", "dom": "102", "pid": "081-025-15290", "hoa": "336", "flood_ok": 500, "nri_heat": 30.0, "nri_wildfire": 51.4, "nri_drought": 0.0, "nri_risk": 49.7, "pm25": 6.33, "ozone": 51.94, "heat_2050": 605.0, "precip1in_2050": 7.6 }, "geometry": { "type": "Polygon", "coordinates": [ [ [ -72.614802, 42.873333 ], [ -72.615752, 42.874007 ], [ -72.616041, 42.87328 ], [ -72.618047, 42.873203 ], [ -72.619028, 42.87132 ], [ -72.619679, 42.871362 ], [ -72.620186, 42.86716 ], [ -72.619642, 42.867045 ], [ -72.619516, 42.867941 ], [ -72.617451, 42.86698 ], [ -72.618617, 42.86683 ], [ -72.617472, 42.866503 ], [ -72.614927, 42.867002 ], [ -72.614355, 42.866779 ], [ -72.614412, 42.865717 ], [ -72.614163, 42.866722 ], [ -72.611957, 42.866684 ], [ -72.611104, 42.867751 ], [ -72.611769, 42.868838 ], [ -72.61136, 42.870577 ], [ -72.612869, 42.872497 ], [ -72.613299, 42.871342 ], [ -72.614331, 42.871339 ], [ -72.614851, 42.872117 ], [ -72.614802, 42.873333 ] ] ] } },
{ "type": "Feature", "properties": { "status": "lingering", "address": "13 Waters Edge Rd, Swanzey, NH 03431", "price": "279900", "dom": "43", "pid": "034210-103055000000000000", "hoa": "", "flood_ok": 500, "nri_heat": 38.0, "nri_wildfire": 78.7, "nri_drought": 0.0, "nri_risk": 58.2, "pm25": 5.87, "ozone": 51.98, "heat_2050": 771.0, "precip1in_2050": 5.5 }, "geometry": { "type": "Polygon", "coordinates": [ [ [ -72.258869, 42.903835 ], [ -72.259236, 42.903921 ], [ -72.259355, 42.903759 ], [ -72.258912, 42.903716 ], [ -72.258869, 42.903835 ] ] ] } },
{ "type": "Feature", "properties": { "status": "lingering", "address": "2 Hamlin Ave, Bennington, VT 05201", "price": "199900", "dom": "161", "pid": "051-015-67824", "hoa": "", "flood_ok": 1000, "nri_heat": 24.1, "nri_wildfire": 46.9, "nri_drought": 0.0, "nri_risk": 87.5, "pm25": 6.14, "ozone": 52.56, "heat_2050": 516.0, "precip1in_2050": 7.5 }, "geometry": { "type": "Polygon", "coordinates": [ [ [ -73.189193, 42.876756 ], [ -73.189392, 42.876445 ], [ -73.189153, 42.876286 ], [ -73.189098, 42.87675 ], [ -73.189193, 42.876756 ] ] ] } },
{ "type": "Feature", "properties": { "status": "lingering", "address": "171 Garbrooke Dr, Bennington, VT 05201", "price": "325000", "dom": "41", "pid": "051-015-64245", "hoa": "", "flood_ok": 1000, "nri_heat": 20.2, "nri_wildfire": 58.1, "nri_drought": 0.0, "nri_risk": 55.8, "pm25": 6.13, "ozone": 52.63, "heat_2050": 516.0, "precip1in_2050": 7.5 }, "geometry": { "type": "Polygon", "coordinates": [ [ [ -73.156706, 42.880145 ], [ -73.156734, 42.879647 ], [ -73.156466, 42.879642 ], [ -73.156447, 42.880116 ], [ -73.156706, 42.880145 ] ] ] } },
{ "type": "Feature", "properties": { "status": "lingering", "address": "2 Bromley Ln, Bennington, VT 05257", "price": "395000", "dom": "43", "pid": "051-138-64692", "hoa": "", "flood_ok": 1000, "nri_heat": 21.1, "nri_wildfire": 65.6, "nri_drought": 0.0, "nri_risk": 69.0, "pm25": 6.2, "ozone": 52.55, "heat_2050": 516.0, "precip1in_2050": 7.5 }, "geometry": { "type": "Polygon", "coordinates": [ [ [ -73.237871, 42.927125 ], [ -73.23822, 42.927372 ], [ -73.238298, 42.926952 ], [ -73.237763, 42.926829 ], [ -73.237871, 42.927125 ] ] ] } },
{ "type": "Feature", "properties": { "status": "lingering", "address": "353 Fuller St, Unit 45, Ludlow, MA 01056", "price": "369900", "dom": "91", "pid": "M_118381_882429", "hoa": "386", "flood_ok": 500, "nri_heat": 38.2, "nri_wildfire": 61.4, "nri_drought": 80.8, "nri_risk": 29.4, "pm25": 7.43, "ozone": 58.03, "heat_2050": 1036.0, "precip1in_2050": 7.6 }, "geometry": { "type": "Polygon", "coordinates": [ [ [ -72.489439, 42.19318 ], [ -72.490654, 42.19246 ], [ -72.490541, 42.191585 ], [ -72.491321, 42.19247 ], [ -72.493655, 42.191151 ], [ -72.493111, 42.190042 ], [ -72.493579, 42.189913 ], [ -72.493069, 42.187488 ], [ -72.48472, 42.186501 ], [ -72.482532, 42.188655 ], [ -72.489074, 42.18932 ], [ -72.488719, 42.190666 ], [ -72.489439, 42.19318 ] ] ] } },
{ "type": "Feature", "properties": { "status": "lingering", "address": "12 School St, Holyoke, MA 01040", "price": "389900", "dom": "35", "pid": "F_353807_2904106", "hoa": "", "flood_ok": 1000, "nri_heat": 38.0, "nri_wildfire": 18.5, "nri_drought": 0.0, "nri_risk": 31.7, "pm25": 7.54, "ozone": 57.2, "heat_2050": 1036.0, "precip1in_2050": 7.6 }, "geometry": { "type": "Polygon", "coordinates": [ [ [ -72.616006, 42.211639 ], [ -72.616243, 42.211659 ], [ -72.616245, 42.211524 ], [ -72.616012, 42.21152 ], [ -72.616006, 42.211639 ] ] ] } },
{ "type": "Feature", "properties": { "status": "lingering", "address": "42 Saint Kolbe Dr, Apt D, Holyoke, MA 01040", "price": "185000", "dom": "35", "pid": "F_356003_2904017", "hoa": "236", "flood_ok": 500, "nri_heat": 24.6, "nri_wildfire": 0.0, "nri_drought": 0.0, "nri_risk": 27.0, "pm25": 7.54, "ozone": 57.32, "heat_2050": 1036.0, "precip1in_2050": 7.6 }, "geometry": { "type": "Polygon", "coordinates": [ [ [ -72.60773, 42.21183 ], [ -72.608775, 42.211275 ], [ -72.607996, 42.210853 ], [ -72.607258, 42.211608 ], [ -72.60773, 42.21183 ] ] ] } },
{ "type": "Feature", "properties": { "status": "lingering", "address": "711 Newbury St, Springfield, MA 01104", "price": "299999", "dom": "35", "pid": "F_360844_2875448", "hoa": "", "flood_ok": 1000, "nri_heat": 43.2, "nri_wildfire": 34.6, "nri_drought": 0.0, "nri_risk": 14.6, "pm25": 7.75, "ozone": 58.08, "heat_2050": 1036.0, "precip1in_2050": 7.6 }, "geometry": { "type": "Polygon", "coordinates": [ [ [ -72.588527, 42.133334 ], [ -72.588664, 42.133426 ], [ -72.589089, 42.133064 ], [ -72.588952, 42.132972 ], [ -72.588527, 42.133334 ] ] ] } },
{ "type": "Feature", "properties": { "status": "lingering", "address": "75 Longwood Dr, Chicopee, MA 01020", "price": "375000", "dom": "34", "pid": "F_359741_2895576", "hoa": "", "flood_ok": 1000, "nri_heat": 44.8, "nri_wildfire": 27.8, "nri_drought": 0.0, "nri_risk": 25.9, "pm25": 7.59, "ozone": 57.72, "heat_2050": 1036.0, "precip1in_2050": 7.6 }, "geometry": { "type": "Polygon", "coordinates": [ [ [ -72.593528, 42.188372 ], [ -72.593645, 42.188588 ], [ -72.59414, 42.188435 ], [ -72.594023, 42.18822 ], [ -72.593528, 42.188372 ] ] ] } },
{ "type": "Feature", "properties": { "status": "lingering", "address": "122 Ambrose St, Springfield, MA 01109", "price": "397000", "dom": "31", "pid": "F_375109_2871049", "hoa": "", "flood_ok": 500, "nri_heat": 42.1, "nri_wildfire": 43.1, "nri_drought": 0.0, "nri_risk": 23.9, "pm25": 7.75, "ozone": 58.35, "heat_2050": 1036.0, "precip1in_2050": 7.6 }, "geometry": { "type": "Polygon", "coordinates": [ [ [ -72.535817, 42.121569 ], [ -72.535845, 42.121704 ], [ -72.536225, 42.121661 ], [ -72.536198, 42.121525 ], [ -72.535817, 42.121569 ] ] ] } },
{ "type": "Feature", "properties": { "status": "lingering", "address": "1 Alvord Pl, Unit 1, South Hadley, MA 01075", "price": "375000", "dom": "40", "pid": "M_109805_889380", "hoa": "149", "flood_ok": 500, "nri_heat": 17.0, "nri_wildfire": 53.4, "nri_drought": 85.5, "nri_risk": 10.3, "pm25": 7.45, "ozone": 56.64, "heat_2050": 948.0, "precip1in_2050": 7.7 }, "geometry": { "type": "Polygon", "coordinates": [ [ [ -72.591992, 42.246304 ], [ -72.590087, 42.247887 ], [ -72.592142, 42.252392 ], [ -72.595905, 42.251659 ], [ -72.594431, 42.249895 ], [ -72.593905, 42.250034 ], [ -72.59368, 42.249534 ], [ -72.594205, 42.249379 ], [ -72.593794, 42.247651 ], [ -72.591992, 42.246304 ] ] ] } },
{ "type": "Feature", "properties": { "status": "lingering", "address": "5 Pine St, South Hadley, MA 01075", "price": "859000", "dom": "40", "pid": "M_110576_888751", "hoa": "", "flood_ok": 1000, "nri_heat": 17.0, "nri_wildfire": 53.4, "nri_drought": 85.5, "nri_risk": 10.3, "pm25": 7.45, "ozone": 56.64, "heat_2050": 948.0, "precip1in_2050": 7.7 }, "geometry": { "type": "Polygon", "coordinates": [ [ [ -72.582906, 42.244631 ], [ -72.583255, 42.244763 ], [ -72.584241, 42.24389 ], [ -72.583603, 42.243497 ], [ -72.582906, 42.244631 ] ] ] } },
{ "type": "Feature", "properties": { "status": "lingering", "address": "32 East St, Southampton, MA 01073", "price": "625000", "dom": "41", "pid": "F_324238_2909778", "hoa": "", "flood_ok": 500, "nri_heat": 24.6, "nri_wildfire": 68.1, "nri_drought": 86.5, "nri_risk": 24.0, "pm25": 7.25, "ozone": 56.15, "heat_2050": 948.0, "precip1in_2050": 7.7 }, "geometry": { "type": "Polygon", "coordinates": [ [ [ -72.725057, 42.225755 ], [ -72.725607, 42.226497 ], [ -72.726301, 42.226015 ], [ -72.725333, 42.225639 ], [ -72.725057, 42.225755 ] ] ] } },
{ "type": "Feature", "properties": { "status": "lingering", "address": "83 Long Plain Rd, Whately, MA 01373", "price": "745000", "dom": "35", "pid": "M_109151_909156", "hoa": "", "flood_ok": 500, "nri_heat": 46.9, "nri_wildfire": 72.5, "nri_drought": 97.2, "nri_risk": 69.7, "pm25": 7.21, "ozone": 54.01, "heat_2050": 866.0, "precip1in_2050": 7.3 }, "geometry": { "type": "Polygon", "coordinates": [ [ [ -72.603412, 42.427861 ], [ -72.604343, 42.427882 ], [ -72.6043, 42.427408 ], [ -72.603958, 42.427399 ], [ -72.603412, 42.427861 ] ] ] } },
{ "type": "Feature", "properties": { "status": "lingering", "address": "33 Hannum Mdws, Unit C, Northampton, MA 01060", "price": "885000", "dom": "30", "pid": "M_107999_894697", "hoa": "250", "flood_ok": 500, "nri_heat": 24.4, "nri_wildfire": 59.5, "nri_drought": 93.7, "nri_risk": 27.9, "pm25": 7.33, "ozone": 55.61, "heat_2050": 948.0, "precip1in_2050": 7.7 }, "geometry": { "type": "Polygon", "coordinates": [ [ [ -72.614126, 42.3018 ], [ -72.619484, 42.299146 ], [ -72.620529, 42.299089 ], [ -72.619535, 42.297627 ], [ -72.618157, 42.298111 ], [ -72.617578, 42.297795 ], [ -72.619108, 42.295486 ], [ -72.618578, 42.294981 ], [ -72.616004, 42.294877 ], [ -72.617551, 42.291875 ], [ -72.615873, 42.291884 ], [ -72.615975, 42.291343 ], [ -72.613667, 42.294917 ], [ -72.613308, 42.296525 ], [ -72.611351, 42.2985 ], [ -72.614126, 42.3018 ] ] ] } },
{ "type": "Feature", "properties": { "status": "lingering", "address": "30 Hawthorne St, Springfield, MA 01105", "price": "279900", "dom": "36", "pid": "F_366367_2863075", "hoa": "", "flood_ok": 1000, "nri_heat": 45.2, "nri_wildfire": 21.5, "nri_drought": 0.0, "nri_risk": 34.7, "pm25": 7.83, "ozone": 58.39, "heat_2050": 1036.0, "precip1in_2050": 7.6 }, "geometry": { "type": "Polygon", "coordinates": [ [ [ -72.567764, 42.099355 ], [ -72.567808, 42.099547 ], [ -72.56799, 42.099524 ], [ -72.567945, 42.099332 ], [ -72.567764, 42.099355 ] ] ] } },
{ "type": "Feature", "properties": { "status": "lingering", "address": "369 Breckwood Blvd, Springfield, MA 01109", "price": "279900", "dom": "36", "pid": "F_377926_2870448", "hoa": "", "flood_ok": 500, "nri_heat": 42.1, "nri_wildfire": 43.1, "nri_drought": 0.0, "nri_risk": 23.9, "pm25": 7.75, "ozone": 58.35, "heat_2050": 1036.0, "precip1in_2050": 7.6 }, "geometry": { "type": "Polygon", "coordinates": [ [ [ -72.525389, 42.12005 ], [ -72.525525, 42.120239 ], [ -72.525842, 42.120099 ], [ -72.525661, 42.119867 ], [ -72.525389, 42.12005 ] ] ] } },
{ "type": "Feature", "properties": { "status": "lingering", "address": "17 Longmeadow St, Longmeadow, MA 01106", "price": "569900", "dom": "34", "pid": "F_362926_2852475", "hoa": "", "flood_ok": 1000, "nri_heat": 37.9, "nri_wildfire": 43.2, "nri_drought": 85.7, "nri_risk": 49.0, "pm25": 7.81, "ozone": 58.73, "heat_2050": 1036.0, "precip1in_2050": 7.6 }, "geometry": { "type": "Polygon", "coordinates": [ [ [ -72.579915, 42.070362 ], [ -72.580233, 42.070413 ], [ -72.580117, 42.070092 ], [ -72.579888, 42.070055 ], [ -72.579915, 42.070362 ] ] ] } },
{ "type": "Feature", "properties": { "status": "lingering", "address": "40 Warriner Ave, Springfield, MA 01108", "price": "1650000", "dom": "34", "pid": "F_363876_2860308", "hoa": "", "flood_ok": 500, "nri_heat": 30.2, "nri_wildfire": 21.3, "nri_drought": 0.0, "nri_risk": 25.9, "pm25": 7.83, "ozone": 58.4, "heat_2050": 1036.0, "precip1in_2050": 7.6 }, "geometry": { "type": "Polygon", "coordinates": [ [ [ -72.576698, 42.091707 ], [ -72.576982, 42.091929 ], [ -72.577154, 42.091815 ], [ -72.57687, 42.091593 ], [ -72.576698, 42.091707 ] ] ] } },
{ "type": "Feature", "properties": { "status": "lingering", "address": "52 Navajo Rd, Springfield, MA 01109", "price": "314999", "dom": "34", "pid": "F_377523_2865437", "hoa": "", "flood_ok": 1000, "nri_heat": 51.3, "nri_wildfire": 42.6, "nri_drought": 77.3, "nri_risk": 55.3, "pm25": 7.74, "ozone": 58.56, "heat_2050": 1036.0, "precip1in_2050": 7.6 }, "geometry": { "type": "Polygon", "coordinates": [ [ [ -72.526694, 42.106179 ], [ -72.52675, 42.10645 ], [ -72.52706, 42.106415 ], [ -72.527004, 42.106144 ], [ -72.526694, 42.106179 ] ] ] } },
{ "type": "Feature", "properties": { "status": "lingering", "address": "11-13 Palmyra St, Springfield, MA 01118", "price": "369000", "dom": "31", "pid": "F_372556_2859735", "hoa": "", "flood_ok": 500, "nri_heat": 43.1, "nri_wildfire": 29.4, "nri_drought": 0.0, "nri_risk": 42.4, "pm25": 7.8, "ozone": 58.64, "heat_2050": 1036.0, "precip1in_2050": 7.6 }, "geometry": { "type": "Polygon", "coordinates": [ [ [ -72.544728, 42.090442 ], [ -72.544748, 42.090568 ], [ -72.545119, 42.090536 ], [ -72.545099, 42.0904 ], [ -72.544728, 42.090442 ] ] ] } },
{ "type": "Feature", "properties": { "status": "lingering", "address": "14 Deepwood Park, Brattleboro, VT 05301", "price": "149900", "dom": "32", "pid": "081-025-12719", "hoa": "507", "flood_ok": 500, "nri_heat": 30.0, "nri_wildfire": 51.4, "nri_drought": 0.0, "nri_risk": 49.7, "pm25": 6.33, "ozone": 51.94, "heat_2050": 605.0, "precip1in_2050": 7.6 }, "geometry": { "type": "Polygon", "coordinates": [ [ [ -72.612898, 42.878404 ], [ -72.614164, 42.878389 ], [ -72.615065, 42.876994 ], [ -72.617014, 42.877034 ], [ -72.618089, 42.874588 ], [ -72.619401, 42.875044 ], [ -72.619679, 42.871362 ], [ -72.619028, 42.87132 ], [ -72.618047, 42.873203 ], [ -72.616041, 42.87328 ], [ -72.615752, 42.874007 ], [ -72.614875, 42.873729 ], [ -72.614851, 42.872117 ], [ -72.614331, 42.871339 ], [ -72.613299, 42.871342 ], [ -72.612869, 42.872497 ], [ -72.612075, 42.871895 ], [ -72.61186, 42.87572 ], [ -72.610812, 42.875741 ], [ -72.60976, 42.878378 ], [ -72.612898, 42.878404 ] ] ] } },
{ "type": "Feature", "properties": { "status": "gone", "address": "29 Eddy, Ware, MA 01082", "price": "114000", "dom": "62", "pid": "M_138500_890380", "hoa": "", "flood_ok": 1000, "nri_heat": 24.8, "nri_wildfire": 42.9, "nri_drought": 0.0, "nri_risk": 27.4, "pm25": 6.92, "ozone": 57.43, "heat_2050": 948.0, "precip1in_2050": 7.7 }, "geometry": { "type": "Polygon", "coordinates": [ [ [ -72.245137, 42.261455 ], [ -72.245194, 42.261589 ], [ -72.245635, 42.261568 ], [ -72.245548, 42.261353 ], [ -72.245137, 42.261455 ] ] ] } },
{ "type": "Feature", "properties": { "status": "lingering", "address": "17-19 Slater Ave, Springfield, MA 01119", "price": "450000", "dom": "32", "pid": "F_381813_2876860", "hoa": "", "flood_ok": 500, "nri_heat": 45.3, "nri_wildfire": 50.4, "nri_drought": 0.0, "nri_risk": 45.2, "pm25": 7.65, "ozone": 58.41, "heat_2050": 1036.0, "precip1in_2050": 7.6 }, "geometry": { "type": "Polygon", "coordinates": [ [ [ -72.511378, 42.137826 ], [ -72.511386, 42.137868 ], [ -72.511773, 42.13783 ], [ -72.511749, 42.137694 ], [ -72.511378, 42.137826 ] ] ] } },
{ "type": "Feature", "properties": { "status": "lingering", "address": "169 Slater Ave, Springfield, MA 01119", "price": "299999", "dom": "81", "pid": "F_382001_2875370", "hoa": "", "flood_ok": 1000, "nri_heat": 45.3, "nri_wildfire": 50.4, "nri_drought": 0.0, "nri_risk": 45.2, "pm25": 7.65, "ozone": 58.41, "heat_2050": 1036.0, "precip1in_2050": 7.6 }, "geometry": { "type": "Polygon", "coordinates": [ [ [ -72.510578, 42.133756 ], [ -72.510595, 42.133843 ], [ -72.511064, 42.133796 ], [ -72.511022, 42.133558 ], [ -72.510578, 42.133756 ] ] ] } },
{ "type": "Feature", "properties": { "status": "lingering", "address": "79 Pomeroy Ter, Unit 79, Northampton, MA 01060", "price": "495000", "dom": "28", "pid": "M_107367_897204", "hoa": "350", "flood_ok": 500, "nri_heat": 16.3, "nri_wildfire": 25.5, "nri_drought": 0.0, "nri_risk": 11.4, "pm25": 7.37, "ozone": 55.6, "heat_2050": 948.0, "precip1in_2050": 7.7 }, "geometry": { "type": "Polygon", "coordinates": [ [ [ -72.623582, 42.32013 ], [ -72.624153, 42.319982 ], [ -72.624016, 42.31955 ], [ -72.623379, 42.319698 ], [ -72.623582, 42.32013 ] ] ] } },
{ "type": "Feature", "properties": { "status": "lingering", "address": "9 Pine Brook Curv, Northampton, MA 01060", "price": "305000", "dom": "27", "pid": "M_105983_899309", "hoa": "", "flood_ok": 1000, "nri_heat": 26.1, "nri_wildfire": 50.2, "nri_drought": 80.1, "nri_risk": 47.2, "pm25": 7.28, "ozone": 55.05, "heat_2050": 948.0, "precip1in_2050": 7.7 }, "geometry": { "type": "Polygon", "coordinates": [ [ [ -72.641112, 42.338743 ], [ -72.640968, 42.338509 ], [ -72.640723, 42.338432 ], [ -72.640956, 42.338803 ], [ -72.641112, 42.338743 ] ] ] } },
{ "type": "Feature", "properties": { "status": "lingering", "address": "27 Huntington Rd, Hadley, MA 01035", "price": "549900", "dom": "24", "pid": "M_111206_902243", "hoa": "", "flood_ok": 500, "nri_heat": 31.2, "nri_wildfire": 57.9, "nri_drought": 96.9, "nri_risk": 58.6, "pm25": 7.33, "ozone": 55.52, "heat_2050": 948.0, "precip1in_2050": 7.7 }, "geometry": { "type": "Polygon", "coordinates": [ [ [ -72.577666, 42.365423 ], [ -72.577782, 42.365966 ], [ -72.578327, 42.365899 ], [ -72.578089, 42.364806 ], [ -72.577544, 42.364865 ], [ -72.577666, 42.365423 ] ] ] } },
{ "type": "Feature", "properties": { "status": "lingering", "address": "283 South St, Northampton, MA 01060", "price": "525000", "dom": "26", "pid": "M_105948_896011", "hoa": "", "flood_ok": 1000, "nri_heat": 31.9, "nri_wildfire": 23.5, "nri_drought": 80.0, "nri_risk": 39.2, "pm25": 7.36, "ozone": 55.68, "heat_2050": 948.0, "precip1in_2050": 7.7 }, "geometry": { "type": "Polygon", "coordinates": [ [ [ -72.640703, 42.309015 ], [ -72.640797, 42.309126 ], [ -72.641237, 42.308894 ], [ -72.640364, 42.308611 ], [ -72.640703, 42.309015 ] ] ] } },
{ "type": "Feature", "properties": { "status": "lingering", "address": "126 Federal St, Unit 126, Montague, MA 01349", "price": "269900", "dom": "26", "pid": "M_117894_924479", "hoa": "", "flood_ok": 500, "nri_heat": 33.4, "nri_wildfire": 71.2, "nri_drought": 84.0, "nri_risk": 26.5, "pm25": 7.09, "ozone": 53.31, "heat_2050": 866.0, "precip1in_2050": 7.3 }, "geometry": { "type": "Polygon", "coordinates": [ [ [ -72.499392, 42.566705 ], [ -72.500076, 42.56695 ], [ -72.500536, 42.566391 ], [ -72.499904, 42.566114 ], [ -72.499392, 42.566705 ] ] ] } },
{ "type": "Feature", "properties": { "status": "lingering", "address": "95 Huntington Rd, Hadley, MA 01035", "price": "695000", "dom": "26", "pid": "M_112491_902477", "hoa": "", "flood_ok": 1000, "nri_heat": 31.2, "nri_wildfire": 57.9, "nri_drought": 96.9, "nri_risk": 58.6, "pm25": 7.33, "ozone": 55.52, "heat_2050": 948.0, "precip1in_2050": 7.7 }, "geometry": { "type": "Polygon", "coordinates": [ [ [ -72.562136, 42.367659 ], [ -72.562224, 42.368222 ], [ -72.562715, 42.368119 ], [ -72.562633, 42.367574 ], [ -72.562136, 42.367659 ] ] ] } },
{ "type": "Feature", "properties": { "status": "lingering", "address": "202 Beekman Dr, Unit 202, Agawam, MA 01001", "price": "278900", "dom": "95", "pid": "F_354438_2853995", "hoa": "296", "flood_ok": 500, "nri_heat": 42.6, "nri_wildfire": 43.8, "nri_drought": 83.4, "nri_risk": 57.5, "pm25": 7.8, "ozone": 58.33, "heat_2050": 1036.0, "precip1in_2050": 7.6 }, "geometry": { "type": "Polygon", "coordinates": [ [ [ -72.60935, 42.075033 ], [ -72.609417, 42.075432 ], [ -72.613638, 42.075008 ], [ -72.613726, 42.073932 ], [ -72.614467, 42.073603 ], [ -72.609056, 42.072826 ], [ -72.60935, 42.075033 ] ] ] } },
{ "type": "Feature", "properties": { "status": "lingering", "address": "192 Ambrose St, Springfield, MA 01109", "price": "374900", "dom": "28", "pid": "F_375204_2870368", "hoa": "", "flood_ok": 1000, "nri_heat": 42.1, "nri_wildfire": 43.1, "nri_drought": 0.0, "nri_risk": 23.9, "pm25": 7.75, "ozone": 58.35, "heat_2050": 1036.0, "precip1in_2050": 7.6 }, "geometry": { "type": "Polygon", "coordinates": [ [ [ -72.535416, 42.119602 ], [ -72.535485, 42.119941 ], [ -72.535865, 42.119897 ], [ -72.535796, 42.119558 ], [ -72.535416, 42.119602 ] ] ] } },
{ "type": "Feature", "properties": { "status": "lingering", "address": "65 Rochelle St, Springfield, MA 01109", "price": "319900", "dom": "28", "pid": "F_370088_2867115", "hoa": "", "flood_ok": 500, "nri_heat": 54.9, "nri_wildfire": 36.5, "nri_drought": 0.0, "nri_risk": 41.1, "pm25": 7.8, "ozone": 58.39, "heat_2050": 1036.0, "precip1in_2050": 7.6 }, "geometry": { "type": "Polygon", "coordinates": [ [ [ -72.554174, 42.110602 ], [ -72.554198, 42.110733 ], [ -72.554527, 42.110707 ], [ -72.554501, 42.110571 ], [ -72.554174, 42.110602 ] ] ] } },
{ "type": "Feature", "properties": { "status": "gone", "address": "30 Beechwood Ave, Springfield, MA 01108", "price": "429900", "dom": "21", "pid": "F_364740_2856809", "hoa": "", "flood_ok": 1000, "nri_heat": 60.1, "nri_wildfire": 47.6, "nri_drought": 0.0, "nri_risk": 73.9, "pm25": 7.84, "ozone": 58.55, "heat_2050": 1036.0, "precip1in_2050": 7.6 }, "geometry": { "type": "Polygon", "coordinates": [ [ [ -72.573369, 42.082144 ], [ -72.573389, 42.082294 ], [ -72.573809, 42.082223 ], [ -72.573764, 42.082087 ], [ -72.573369, 42.082144 ] ] ] } },
{ "type": "Feature", "properties": { "status": "lingering", "address": "25 Webber St, Springfield, MA 01108", "price": "375000", "dom": "27", "pid": "F_373368_2856525", "hoa": "", "flood_ok": 1000, "nri_heat": 15.9, "nri_wildfire": 25.2, "nri_drought": 0.0, "nri_risk": 5.7, "pm25": 7.85, "ozone": 58.78, "heat_2050": 1036.0, "precip1in_2050": 7.6 }, "geometry": { "type": "Polygon", "coordinates": [ [ [ -72.541891, 42.081839 ], [ -72.54193, 42.0816 ], [ -72.541535, 42.081631 ], [ -72.541546, 42.081699 ], [ -72.541891, 42.081839 ] ] ] } },
{ "type": "Feature", "properties": { "status": "lingering", "address": "45 Goldenrod St, Springfield, MA 01109", "price": "469900", "dom": "27", "pid": "F_369229_2872138", "hoa": "", "flood_ok": 1000, "nri_heat": 47.2, "nri_wildfire": 39.2, "nri_drought": 0.0, "nri_risk": 39.4, "pm25": 7.76, "ozone": 58.27, "heat_2050": 1036.0, "precip1in_2050": 7.6 }, "geometry": { "type": "Polygon", "coordinates": [ [ [ -72.557596, 42.124513 ], [ -72.55777, 42.124559 ], [ -72.557891, 42.124299 ], [ -72.557717, 42.124254 ], [ -72.557596, 42.124513 ] ] ] } },
{ "type": "Feature", "properties": { "status": "lingering", "address": "335 Oakland St, Springfield, MA 01108", "price": "499999", "dom": "27", "pid": "F_367808_2861117", "hoa": "", "flood_ok": 1000, "nri_heat": 62.7, "nri_wildfire": 23.9, "nri_drought": 0.0, "nri_risk": 63.1, "pm25": 7.82, "ozone": 58.52, "heat_2050": 1036.0, "precip1in_2050": 7.6 }, "geometry": { "type": "Polygon", "coordinates": [ [ [ -72.562226, 42.094074 ], [ -72.562248, 42.09421 ], [ -72.562728, 42.094158 ], [ -72.562709, 42.094025 ], [ -72.562226, 42.094074 ] ] ] } },
{ "type": "Feature", "properties": { "status": "gone", "address": "389 Abbott St, Springfield, MA 01118", "price": "339000", "dom": "20", "pid": "F_375959_2863916", "hoa": "", "flood_ok": 1000, "nri_heat": 28.9, "nri_wildfire": 33.1, "nri_drought": 0.0, "nri_risk": 17.8, "pm25": 7.8, "ozone": 58.48, "heat_2050": 1036.0, "precip1in_2050": 7.6 }, "geometry": { "type": "Polygon", "coordinates": [ [ [ -72.532388, 42.102148 ], [ -72.532781, 42.102161 ], [ -72.532743, 42.101943 ], [ -72.532359, 42.101982 ], [ -72.532388, 42.102148 ] ] ] } },
{ "type": "Feature", "properties": { "status": "lingering", "address": "143 Winton St, Springfield, MA 01118", "price": "309900", "dom": "25", "pid": "F_375843_2862889", "hoa": "", "flood_ok": 500, "nri_heat": 28.9, "nri_wildfire": 33.1, "nri_drought": 0.0, "nri_risk": 17.8, "pm25": 7.8, "ozone": 58.48, "heat_2050": 1036.0, "precip1in_2050": 7.6 }, "geometry": { "type": "Polygon", "coordinates": [ [ [ -72.532758, 42.099201 ], [ -72.532783, 42.099337 ], [ -72.533148, 42.099296 ], [ -72.533122, 42.09916 ], [ -72.532758, 42.099201 ] ] ] } },
{ "type": "Feature", "properties": { "status": "lingering", "address": "25 Gertrude St, Springfield, MA 01118", "price": "289000", "dom": "25", "pid": "F_370732_2862848", "hoa": "", "flood_ok": 1000, "nri_heat": 28.9, "nri_wildfire": 33.1, "nri_drought": 0.0, "nri_risk": 17.8, "pm25": 7.8, "ozone": 58.48, "heat_2050": 1036.0, "precip1in_2050": 7.6 }, "geometry": { "type": "Polygon", "coordinates": [ [ [ -72.551641, 42.09883 ], [ -72.551646, 42.099104 ], [ -72.551923, 42.0991 ], [ -72.551918, 42.098825 ], [ -72.551641, 42.09883 ] ] ] } },
{ "type": "Feature", "properties": { "status": "lingering", "address": "128 Wilber St, Springfield, MA 01104", "price": "299900", "dom": "25", "pid": "F_363665_2872573", "hoa": "", "flood_ok": 1000, "nri_heat": 61.6, "nri_wildfire": 38.0, "nri_drought": 0.0, "nri_risk": 25.3, "pm25": 7.78, "ozone": 58.08, "heat_2050": 1036.0, "precip1in_2050": 7.6 }, "geometry": { "type": "Polygon", "coordinates": [ [ [ -72.578101, 42.125371 ], [ -72.578354, 42.125531 ], [ -72.578449, 42.125448 ], [ -72.578196, 42.125287 ], [ -72.578101, 42.125371 ] ] ] } },
{ "type": "Feature", "properties": { "status": "lingering", "address": "520 State Rd, Unit 209, North Adams, MA 01247", "price": "590000", "dom": "23", "pid": "M_64675_939904", "hoa": "624", "flood_ok": 500, "nri_heat": 5.3, "nri_wildfire": 49.9, "nri_drought": 0.0, "nri_risk": 64.8, "pm25": 6.22, "ozone": 53.23, "heat_2050": 679.0, "precip1in_2050": 6.5 }, "geometry": { "type": "Polygon", "coordinates": [ [ [ -73.150747, 42.697766 ], [ -73.150621, 42.698339 ], [ -73.152221, 42.698575 ], [ -73.152435, 42.697375 ], [ -73.15139, 42.697278 ], [ -73.151273, 42.697814 ], [ -73.150747, 42.697766 ] ] ] } },
{ "type": "Feature", "properties": { "status": "lingering", "address": "14 Long Hill Rd, Peterborough, NH 03458", "price": "324900", "dom": "28", "pid": "064171-R003-025-005", "hoa": "355", "flood_ok": 500, "nri_heat": 16.3, "nri_wildfire": 65.9, "nri_drought": 0.0, "nri_risk": 76.6, "pm25": 4.73, "ozone": 53.54, "heat_2050": 771.0, "precip1in_2050": 5.5 }, "geometry": { "type": "Polygon", "coordinates": [ [ [ -71.967992, 42.846957 ], [ -71.971887, 42.846574 ], [ -71.972441, 42.848013 ], [ -71.971187, 42.840787 ], [ -71.976057, 42.840451 ], [ -71.975582, 42.837388 ], [ -71.970923, 42.838311 ], [ -71.971049, 42.839585 ], [ -71.969592, 42.841899 ], [ -71.970014, 42.842041 ], [ -71.967207, 42.845631 ], [ -71.966672, 42.845716 ], [ -71.966957, 42.847069 ], [ -71.965085, 42.847291 ], [ -71.965129, 42.847692 ], [ -71.967992, 42.846957 ] ] ] } },
{ "type": "Feature", "properties": { "status": "lingering", "address": "11 Stephanie Cir, Springfield, MA 01129", "price": "399900", "dom": "21", "pid": "F_388234_2866218", "hoa": "", "flood_ok": 500, "nri_heat": 19.1, "nri_wildfire": 38.4, "nri_drought": 73.4, "nri_risk": 7.7, "pm25": 7.66, "ozone": 58.74, "heat_2050": 1036.0, "precip1in_2050": 7.6 }, "geometry": { "type": "Polygon", "coordinates": [ [ [ -72.487164, 42.108723 ], [ -72.487278, 42.108955 ], [ -72.4877, 42.108857 ], [ -72.487604, 42.10862 ], [ -72.487164, 42.108723 ] ] ] } },
{ "type": "Feature", "properties": { "status": "lingering", "address": "40 Eddy St, Ware, MA 01082", "price": "289000", "dom": "20", "pid": "M_138415_890299", "hoa": "", "flood_ok": 1000, "nri_heat": 24.8, "nri_wildfire": 42.9, "nri_drought": 0.0, "nri_risk": 27.4, "pm25": 6.92, "ozone": 57.43, "heat_2050": 948.0, "precip1in_2050": 7.7 }, "geometry": { "type": "Polygon", "coordinates": [ [ [ -72.246061, 42.260865 ], [ -72.246159, 42.26108 ], [ -72.246803, 42.260699 ], [ -72.246543, 42.260591 ], [ -72.246061, 42.260865 ] ] ] } },
{ "type": "Feature", "properties": { "status": "lingering", "address": "317 Paper Mill Rd, Westfield, MA 01085", "price": "389900", "dom": "39", "pid": "F_327368_2874261", "hoa": "", "flood_ok": 1000, "nri_heat": 47.2, "nri_wildfire": 66.3, "nri_drought": 86.5, "nri_risk": 75.5, "pm25": 7.49, "ozone": 57.17, "heat_2050": 1036.0, "precip1in_2050": 7.6 }, "geometry": { "type": "Polygon", "coordinates": [ [ [ -72.711846, 42.128455 ], [ -72.712095, 42.129024 ], [ -72.712466, 42.128959 ], [ -72.712169, 42.128359 ], [ -72.711846, 42.128455 ] ] ] } },
{ "type": "Feature", "properties": { "status": "lingering", "address": "104 Narragansett St, Springfield, MA 01107", "price": "459000", "dom": "39", "pid": "F_357694_2870390", "hoa": "", "flood_ok": 1000, "nri_heat": 33.0, "nri_wildfire": 32.0, "nri_drought": 0.0, "nri_risk": 32.1, "pm25": 7.78, "ozone": 58.07, "heat_2050": 1036.0, "precip1in_2050": 7.6 }, "geometry": { "type": "Polygon", "coordinates": [ [ [ -72.599872, 42.119222 ], [ -72.600137, 42.119441 ], [ -72.600479, 42.119191 ], [ -72.600226, 42.118982 ], [ -72.599872, 42.119222 ] ] ] } },
{ "type": "Feature", "properties": { "status": "lingering", "address": "1161 E Mountain Rd, Westfield, MA 01085", "price": "399000", "dom": "24", "pid": "F_333587_2880171", "hoa": "", "flood_ok": 500, "nri_heat": 47.2, "nri_wildfire": 66.3, "nri_drought": 86.5, "nri_risk": 75.5, "pm25": 7.49, "ozone": 57.17, "heat_2050": 1036.0, "precip1in_2050": 7.6 }, "geometry": { "type": "Polygon", "coordinates": [ [ [ -72.688921, 42.146094 ], [ -72.699646, 42.147012 ], [ -72.69966, 42.146516 ], [ -72.690793, 42.145733 ], [ -72.691698, 42.143501 ], [ -72.690273, 42.143392 ], [ -72.690296, 42.144745 ], [ -72.687328, 42.144516 ], [ -72.688921, 42.146094 ] ] ] } },
{ "type": "Feature", "properties": { "status": "lingering", "address": "735 Memorial Dr, Trlr 2, Chicopee, MA 01020", "price": "140849", "dom": "21", "pid": "F_365192_2891839", "hoa": "300", "flood_ok": 500, "nri_heat": 36.3, "nri_wildfire": 40.7, "nri_drought": 0.0, "nri_risk": 37.1, "pm25": 7.61, "ozone": 57.94, "heat_2050": 1036.0, "precip1in_2050": 7.6 }, "geometry": { "type": "MultiPolygon", "coordinates": [ [ [ [ -72.573239, 42.177666 ], [ -72.573577, 42.179028 ], [ -72.573848, 42.17899 ], [ -72.573511, 42.177633 ], [ -72.573239, 42.177666 ] ] ], [ [ [ -72.57189, 42.177824 ], [ -72.570593, 42.178054 ], [ -72.571051, 42.180673 ], [ -72.571137, 42.180071 ], [ -72.572851, 42.179805 ], [ -72.572479, 42.177761 ], [ -72.57189, 42.177824 ] ] ], [ [ [ -72.571069, 42.180809 ], [ -72.571085, 42.1809 ], [ -72.571347, 42.180808 ], [ -72.571295, 42.18074 ], [ -72.571069, 42.180809 ] ] ] ] } },
{ "type": "Feature", "properties": { "status": "lingering", "address": "56 Montmorenci St, Springfield, MA 01107", "price": "305000", "dom": "21", "pid": "F_357479_2870110", "hoa": "", "flood_ok": 500, "nri_heat": 33.0, "nri_wildfire": 32.0, "nri_drought": 0.0, "nri_risk": 32.1, "pm25": 7.78, "ozone": 58.07, "heat_2050": 1036.0, "precip1in_2050": 7.6 }, "geometry": { "type": "Polygon", "coordinates": [ [ [ -72.600814, 42.118402 ], [ -72.600987, 42.118544 ], [ -72.601105, 42.118461 ], [ -72.600932, 42.118319 ], [ -72.600814, 42.118402 ] ] ] } },
{ "type": "Feature", "properties": { "status": "lingering", "address": "195-197 Massaoit St, Springfield, MA 01107", "price": "450000", "dom": "21", "pid": "F_357619_2870282", "hoa": "", "flood_ok": 1000, "nri_heat": 33.0, "nri_wildfire": 32.0, "nri_drought": 0.0, "nri_risk": 32.1, "pm25": 7.78, "ozone": 58.07, "heat_2050": 1036.0, "precip1in_2050": 7.6 }, "geometry": { "type": "Polygon", "coordinates": [ [ [ -72.600226, 42.118982 ], [ -72.600339, 42.119075 ], [ -72.600686, 42.118849 ], [ -72.600558, 42.118743 ], [ -72.600226, 42.118982 ] ] ] } },
{ "type": "Feature", "properties": { "status": "lingering", "address": "60 Montmorenci St, Springfield, MA 01107", "price": "305000", "dom": "21", "pid": "F_357510_2870139", "hoa": "", "flood_ok": 500, "nri_heat": 33.0, "nri_wildfire": 32.0, "nri_drought": 0.0, "nri_risk": 32.1, "pm25": 7.78, "ozone": 58.07, "heat_2050": 1036.0, "precip1in_2050": 7.6 }, "geometry": { "type": "Polygon", "coordinates": [ [ [ -72.600701, 42.118481 ], [ -72.600874, 42.118624 ], [ -72.600987, 42.118544 ], [ -72.600814, 42.118402 ], [ -72.600701, 42.118481 ] ] ] } },
{ "type": "Feature", "properties": { "status": "lingering", "address": "57 Maple St, West Springfield, MA 01089", "price": "339900", "dom": "20", "pid": "F_348065_2865886", "hoa": "", "flood_ok": 1000, "nri_heat": 38.2, "nri_wildfire": 30.6, "nri_drought": 0.0, "nri_risk": 22.7, "pm25": 7.73, "ozone": 57.8, "heat_2050": 1036.0, "precip1in_2050": 7.6 }, "geometry": { "type": "Polygon", "coordinates": [ [ [ -72.635317, 42.1064 ], [ -72.635398, 42.106644 ], [ -72.635578, 42.10661 ], [ -72.635498, 42.106367 ], [ -72.635317, 42.1064 ] ] ] } },
{ "type": "Feature", "properties": { "status": "lingering", "address": "42 Ringgold St, Springfield, MA 01107", "price": "429900", "dom": "19", "pid": "F_357795_2868473", "hoa": "", "flood_ok": 500, "nri_heat": 24.1, "nri_wildfire": 24.5, "nri_drought": 0.0, "nri_risk": 31.5, "pm25": 7.8, "ozone": 58.1, "heat_2050": 1036.0, "precip1in_2050": 7.6 }, "geometry": { "type": "Polygon", "coordinates": [ [ [ -72.599533, 42.113904 ], [ -72.599779, 42.114089 ], [ -72.599899, 42.114001 ], [ -72.599651, 42.113817 ], [ -72.599533, 42.113904 ] ] ] } },
{ "type": "Feature", "properties": { "status": "lingering", "address": "12 Willow St, Chicopee, MA 01020", "price": "524900", "dom": "20", "pid": "F_363049_2900131", "hoa": "", "flood_ok": 1000, "nri_heat": 29.6, "nri_wildfire": 24.5, "nri_drought": 0.0, "nri_risk": 9.4, "pm25": 7.54, "ozone": 57.55, "heat_2050": 1036.0, "precip1in_2050": 7.6 }, "geometry": { "type": "Polygon", "coordinates": [ [ [ -72.581574, 42.200864 ], [ -72.581662, 42.201178 ], [ -72.582094, 42.201154 ], [ -72.582016, 42.200832 ], [ -72.581574, 42.200864 ] ] ] } },
{ "type": "Feature", "properties": { "status": "lingering", "address": "44-46 Langdon St, Springfield, MA 01104", "price": "475000", "dom": "20", "pid": "F_361509_2873368", "hoa": "", "flood_ok": 500, "nri_heat": 61.6, "nri_wildfire": 38.0, "nri_drought": 0.0, "nri_risk": 25.3, "pm25": 7.78, "ozone": 58.08, "heat_2050": 1036.0, "precip1in_2050": 7.6 }, "geometry": { "type": "Polygon", "coordinates": [ [ [ -72.585973, 42.127413 ], [ -72.58639, 42.127701 ], [ -72.586565, 42.127635 ], [ -72.586098, 42.127311 ], [ -72.585973, 42.127413 ] ] ] } },
{ "type": "Feature", "properties": { "status": "lingering", "address": "158 Telegraph Ave, Chicopee, MA 01020", "price": "364900", "dom": "16", "pid": "F_363788_2899423", "hoa": "", "flood_ok": 1000, "nri_heat": 29.6, "nri_wildfire": 24.5, "nri_drought": 0.0, "nri_risk": 9.4, "pm25": 7.54, "ozone": 57.55, "heat_2050": 1036.0, "precip1in_2050": 7.6 }, "geometry": { "type": "Polygon", "coordinates": [ [ [ -72.578718, 42.199001 ], [ -72.578744, 42.199219 ], [ -72.579426, 42.199178 ], [ -72.579401, 42.198961 ], [ -72.578718, 42.199001 ] ] ] } },
{ "type": "Feature", "properties": { "status": "lingering", "address": "38-40 Grover St, Springfield, MA 01104", "price": "320000", "dom": "18", "pid": "F_361272_2871521", "hoa": "", "flood_ok": 1000, "nri_heat": 61.6, "nri_wildfire": 38.0, "nri_drought": 0.0, "nri_risk": 25.3, "pm25": 7.78, "ozone": 58.08, "heat_2050": 1036.0, "precip1in_2050": 7.6 }, "geometry": { "type": "Polygon", "coordinates": [ [ [ -72.586833, 42.122389 ], [ -72.587131, 42.12259 ], [ -72.587255, 42.122489 ], [ -72.586957, 42.122289 ], [ -72.586833, 42.122389 ] ] ] } },
{ "type": "Feature", "properties": { "status": "lingering", "address": "36 Ludlow Rd, Chicopee, MA 01020", "price": "480000", "dom": "18", "pid": "F_368771_2904504", "hoa": "", "flood_ok": 500, "nri_heat": 36.3, "nri_wildfire": 37.7, "nri_drought": 67.5, "nri_risk": 7.5, "pm25": 7.51, "ozone": 57.85, "heat_2050": 1036.0, "precip1in_2050": 7.6 }, "geometry": { "type": "Polygon", "coordinates": [ [ [ -72.560719, 42.213356 ], [ -72.561011, 42.21342 ], [ -72.561122, 42.213022 ], [ -72.56082, 42.212976 ], [ -72.560719, 42.213356 ] ] ] } },
{ "type": "Feature", "properties": { "status": "lingering", "address": "218 Heatherstone Rd, Amherst, MA 01002", "price": "749900", "dom": "21", "pid": "F_391407_2960988", "hoa": "15", "flood_ok": 1000, "nri_heat": 32.6, "nri_wildfire": 65.8, "nri_drought": 84.5, "nri_risk": 43.8, "pm25": 7.21, "ozone": 55.66, "heat_2050": 948.0, "precip1in_2050": 7.7 }, "geometry": { "type": "Polygon", "coordinates": [ [ [ -72.479355, 42.369078 ], [ -72.480031, 42.369098 ], [ -72.480056, 42.368779 ], [ -72.479639, 42.36874 ], [ -72.479355, 42.369078 ] ] ] } },
{ "type": "Feature", "properties": { "status": "lingering", "address": "54 Ryan Rd, Northampton, MA 01062", "price": "439000", "dom": "19", "pid": "M_102759_898175", "hoa": "", "flood_ok": 500, "nri_heat": 24.4, "nri_wildfire": 59.5, "nri_drought": 93.7, "nri_risk": 27.9, "pm25": 7.33, "ozone": 55.61, "heat_2050": 948.0, "precip1in_2050": 7.7 }, "geometry": { "type": "Polygon", "coordinates": [ [ [ -72.680534, 42.328563 ], [ -72.679455, 42.327366 ], [ -72.679137, 42.327413 ], [ -72.680269, 42.328693 ], [ -72.680534, 42.328563 ] ] ] } },
{ "type": "Feature", "properties": { "status": "gone", "address": "76 Surrey Rd, Springfield, MA 01118", "price": "290000", "dom": "14", "pid": "F_371802_2862752", "hoa": "", "flood_ok": 1000, "nri_heat": 28.9, "nri_wildfire": 33.1, "nri_drought": 0.0, "nri_risk": 17.8, "pm25": 7.8, "ozone": 58.48, "heat_2050": 1036.0, "precip1in_2050": 7.6 }, "geometry": { "type": "Polygon", "coordinates": [ [ [ -72.547674, 42.098626 ], [ -72.547783, 42.098896 ], [ -72.547996, 42.098851 ], [ -72.547886, 42.09858 ], [ -72.547674, 42.098626 ] ] ] } },
{ "type": "Feature", "properties": { "status": "lingering", "address": "129-131 W Alvord St, Springfield, MA 01108", "price": "435000", "dom": "19", "pid": "F_371260_2860040", "hoa": "", "flood_ok": 500, "nri_heat": 62.7, "nri_wildfire": 23.9, "nri_drought": 0.0, "nri_risk": 63.1, "pm25": 7.82, "ozone": 58.52, "heat_2050": 1036.0, "precip1in_2050": 7.6 }, "geometry": { "type": "Polygon", "coordinates": [ [ [ -72.549489, 42.091309 ], [ -72.549525, 42.091364 ], [ -72.549937, 42.091328 ], [ -72.549916, 42.091192 ], [ -72.549489, 42.091309 ] ] ] } },
{ "type": "Feature", "properties": { "status": "lingering", "address": "55 Arden St, Springfield, MA 01118", "price": "290000", "dom": "20", "pid": "F_371345_2861818", "hoa": "", "flood_ok": 500, "nri_heat": 28.9, "nri_wildfire": 33.1, "nri_drought": 0.0, "nri_risk": 17.8, "pm25": 7.8, "ozone": 58.48, "heat_2050": 1036.0, "precip1in_2050": 7.6 }, "geometry": { "type": "Polygon", "coordinates": [ [ [ -72.549243, 42.096233 ], [ -72.549703, 42.096252 ], [ -72.549713, 42.096087 ], [ -72.549254, 42.096068 ], [ -72.549243, 42.096233 ] ] ] } },
{ "type": "Feature", "properties": { "status": "lingering", "address": "690 Converse St, Longmeadow, MA 01106", "price": "569000", "dom": "18", "pid": "F_370168_2850828", "hoa": "", "flood_ok": 1000, "nri_heat": 30.8, "nri_wildfire": 45.3, "nri_drought": 76.9, "nri_risk": 49.1, "pm25": 7.83, "ozone": 58.91, "heat_2050": 1036.0, "precip1in_2050": 7.6 }, "geometry": { "type": "Polygon", "coordinates": [ [ [ -72.552657, 42.066283 ], [ -72.55274, 42.066297 ], [ -72.553974, 42.065926 ], [ -72.553529, 42.065682 ], [ -72.552657, 42.066283 ] ] ] } },
{ "type": "Feature", "properties": { "status": "lingering", "address": "1877 Fort Bridgman Rd, Vernon, VT 05354", "price": "425000", "dom": "22", "pid": "666-211-10295", "hoa": "", "flood_ok": 500, "nri_heat": 37.1, "nri_wildfire": 69.6, "nri_drought": 0.0, "nri_risk": 54.0, "pm25": 6.58, "ozone": 52.13, "heat_2050": 605.0, "precip1in_2050": 7.6 }, "geometry": { "type": "Polygon", "coordinates": [ [ [ -72.522105, 42.778533 ], [ -72.521997, 42.778243 ], [ -72.521248, 42.778365 ], [ -72.521334, 42.778674 ], [ -72.522105, 42.778533 ] ] ] } },
{ "type": "Feature", "properties": { "status": "lingering", "address": "1107 Broad Brook Rd, Guilford, VT 05301", "price": "165000", "dom": "19", "pid": "273-086-10614", "hoa": "", "flood_ok": 500, "nri_heat": 37.1, "nri_wildfire": 69.6, "nri_drought": 0.0, "nri_risk": 54.0, "pm25": 6.58, "ozone": 52.13, "heat_2050": 605.0, "precip1in_2050": 7.6 }, "geometry": { "type": "Polygon", "coordinates": [ [ [ -72.564278, 42.814439 ], [ -72.564727, 42.814551 ], [ -72.565277, 42.814317 ], [ -72.563704, 42.814172 ], [ -72.564278, 42.814439 ] ] ] } },
{ "type": "Feature", "properties": { "status": "lingering", "address": "437 Pratt Rd, Pownal, VT 05261", "price": "975000", "dom": "18", "pid": "495-156-11775", "hoa": "", "flood_ok": 1000, "nri_heat": 12.1, "nri_wildfire": 58.6, "nri_drought": 0.0, "nri_risk": 45.2, "pm25": 6.21, "ozone": 52.82, "heat_2050": 516.0, "precip1in_2050": 7.5 }, "geometry": { "type": "Polygon", "coordinates": [ [ [ -73.222797, 42.771195 ], [ -73.225399, 42.770685 ], [ -73.225666, 42.769221 ], [ -73.226662, 42.770146 ], [ -73.227092, 42.767635 ], [ -73.226911, 42.764897 ], [ -73.227904, 42.764752 ], [ -73.227661, 42.763289 ], [ -73.222974, 42.763711 ], [ -73.222472, 42.769888 ], [ -73.222797, 42.771195 ] ] ] } },
{ "type": "Feature", "properties": { "status": "gone", "address": "856 Matteson Rd, Bennington, VT 05201", "price": "579000", "dom": "11", "pid": "051-015-65090", "hoa": "", "flood_ok": 1000, "nri_heat": 21.1, "nri_wildfire": 65.6, "nri_drought": 0.0, "nri_risk": 69.0, "pm25": 6.2, "ozone": 52.55, "heat_2050": 516.0, "precip1in_2050": 7.5 }, "geometry": { "type": "Polygon", "coordinates": [ [ [ -73.225422, 42.917091 ], [ -73.226682, 42.917132 ], [ -73.226896, 42.915744 ], [ -73.226221, 42.915542 ], [ -73.226688, 42.914974 ], [ -73.225058, 42.916231 ], [ -73.225422, 42.917091 ] ] ] } },
{ "type": "Feature", "properties": { "status": "lingering", "address": "1105 Stony Hill Rd, Wilbraham, MA 01095", "price": "599000", "dom": "15", "pid": "F_394801_2861835", "hoa": "", "flood_ok": 500, "nri_heat": 33.3, "nri_wildfire": 66.5, "nri_drought": 76.1, "nri_risk": 39.8, "pm25": 7.51, "ozone": 58.78, "heat_2050": 1036.0, "precip1in_2050": 7.6 }, "geometry": { "type": "Polygon", "coordinates": [ [ [ -72.463301, 42.097276 ], [ -72.463486, 42.096817 ], [ -72.462865, 42.096649 ], [ -72.462633, 42.097131 ], [ -72.463301, 42.097276 ] ] ] } },
{ "type": "Feature", "properties": { "status": "gone", "address": "11 Christine St, Palmer, MA 01069", "price": "359900", "dom": "6", "pid": "M_134049_880022", "hoa": "", "flood_ok": 500, "nri_heat": 32.6, "nri_wildfire": 60.0, "nri_drought": 0.0, "nri_risk": 33.3, "pm25": 7.1, "ozone": 58.01, "heat_2050": 1036.0, "precip1in_2050": 7.6 }, "geometry": { "type": "Polygon", "coordinates": [ [ [ -72.29786, 42.168073 ], [ -72.298445, 42.168041 ], [ -72.298477, 42.167643 ], [ -72.297891, 42.167669 ], [ -72.29786, 42.168073 ] ] ] } },
{ "type": "Feature", "properties": { "status": "new", "address": "36 Decorie Dr, Wilbraham, MA 01095", "price": "485000", "dom": "12", "pid": "F_401442_2875414", "hoa": "", "flood_ok": 500, "nri_heat": 48.4, "nri_wildfire": 56.5, "nri_drought": 82.8, "nri_risk": 50.5, "pm25": 7.5, "ozone": 58.43, "heat_2050": 1036.0, "precip1in_2050": 7.6 }, "geometry": { "type": "Polygon", "coordinates": [ [ [ -72.438761, 42.13422 ], [ -72.439217, 42.134804 ], [ -72.439517, 42.134604 ], [ -72.439041, 42.134057 ], [ -72.438761, 42.13422 ] ] ] } },
{ "type": "Feature", "properties": { "status": "lingering", "address": "35 Merrimac Ave, Springfield, MA 01104", "price": "274900", "dom": "102", "pid": "F_366030_2872973", "hoa": "", "flood_ok": 500, "nri_heat": 43.2, "nri_wildfire": 34.6, "nri_drought": 0.0, "nri_risk": 14.6, "pm25": 7.75, "ozone": 58.08, "heat_2050": 1036.0, "precip1in_2050": 7.6 }, "geometry": { "type": "Polygon", "coordinates": [ [ [ -72.569412, 42.126662 ], [ -72.569457, 42.126715 ], [ -72.569779, 42.126566 ], [ -72.56969, 42.126462 ], [ -72.569412, 42.126662 ] ] ] } },
{ "type": "Feature", "properties": { "status": "gone", "address": "227 Telegraph Ave, Chicopee, MA 01020", "price": "470000", "dom": "8", "pid": "F_364119_2898686", "hoa": "", "flood_ok": 1000, "nri_heat": 29.6, "nri_wildfire": 24.5, "nri_drought": 0.0, "nri_risk": 9.4, "pm25": 7.54, "ozone": 57.55, "heat_2050": 1036.0, "precip1in_2050": 7.6 }, "geometry": { "type": "Polygon", "coordinates": [ [ [ -72.577143, 42.197332 ], [ -72.57813, 42.19726 ], [ -72.578261, 42.197309 ], [ -72.577986, 42.196802 ], [ -72.577143, 42.197332 ] ] ] } },
{ "type": "Feature", "properties": { "status": "lingering", "address": "288 Root Rd, Westfield, MA 01085", "price": "500000", "dom": "15", "pid": "F_317078_2892862", "hoa": "", "flood_ok": 1000, "nri_heat": 48.2, "nri_wildfire": 67.5, "nri_drought": 91.0, "nri_risk": 74.5, "pm25": 7.28, "ozone": 56.6, "heat_2050": 1036.0, "precip1in_2050": 7.6 }, "geometry": { "type": "Polygon", "coordinates": [ [ [ -72.750138, 42.181003 ], [ -72.752167, 42.181289 ], [ -72.752595, 42.177879 ], [ -72.749351, 42.177694 ], [ -72.750138, 42.181003 ] ] ] } },
{ "type": "Feature", "properties": { "status": "gone", "address": "186 Buckingham St, Springfield, MA 01109", "price": "299999", "dom": "8", "pid": "F_365683_2868784", "hoa": "", "flood_ok": 500, "nri_heat": 46.4, "nri_wildfire": 20.0, "nri_drought": 0.0, "nri_risk": 37.0, "pm25": 7.8, "ozone": 58.21, "heat_2050": 1036.0, "precip1in_2050": 7.6 }, "geometry": { "type": "Polygon", "coordinates": [ [ [ -72.570364, 42.115134 ], [ -72.570497, 42.115273 ], [ -72.570958, 42.115029 ], [ -72.570825, 42.114891 ], [ -72.570364, 42.115134 ] ] ] } },
{ "type": "Feature", "properties": { "status": "gone", "address": "228-232 Eastern Ave, Springfield, MA 01109", "price": "699000", "dom": "8", "pid": "F_367757_2864812", "hoa": "", "flood_ok": 1000, "nri_heat": 45.1, "nri_wildfire": 0.0, "nri_drought": 0.0, "nri_risk": 32.1, "pm25": 7.81, "ozone": 58.37, "heat_2050": 1036.0, "precip1in_2050": 7.6 }, "geometry": { "type": "Polygon", "coordinates": [ [ [ -72.562706, 42.1042 ], [ -72.562734, 42.104335 ], [ -72.562963, 42.104308 ], [ -72.562933, 42.104173 ], [ -72.562706, 42.1042 ] ] ] } },
{ "type": "Feature", "properties": { "status": "new", "address": "15 Surrey Ln, Amherst, MA 01002", "price": "418888", "dom": "12", "pid": "F_381684_2949665", "hoa": "25", "flood_ok": 500, "nri_heat": 31.9, "nri_wildfire": 59.0, "nri_drought": 84.4, "nri_risk": 42.1, "pm25": 7.3, "ozone": 56.17, "heat_2050": 948.0, "precip1in_2050": 7.7 }, "geometry": { "type": "Polygon", "coordinates": [ [ [ -72.514942, 42.337634 ], [ -72.515567, 42.337851 ], [ -72.515538, 42.337439 ], [ -72.514842, 42.337276 ], [ -72.514942, 42.337634 ] ] ] } },
{ "type": "Feature", "properties": { "status": "lingering", "address": "266 Grove St, Apt 2, Northampton, MA 01060", "price": "330000", "dom": "15", "pid": "M_105028_895768", "hoa": "360", "flood_ok": 500, "nri_heat": 24.4, "nri_wildfire": 59.5, "nri_drought": 93.7, "nri_risk": 27.9, "pm25": 7.33, "ozone": 55.61, "heat_2050": 948.0, "precip1in_2050": 7.7 }, "geometry": { "type": "Polygon", "coordinates": [ [ [ -72.654483, 42.307359 ], [ -72.654788, 42.307361 ], [ -72.653696, 42.306598 ], [ -72.652826, 42.306533 ], [ -72.65273, 42.30616 ], [ -72.653278, 42.306085 ], [ -72.652867, 42.305838 ], [ -72.650973, 42.306428 ], [ -72.651123, 42.307033 ], [ -72.654483, 42.307359 ] ] ] } },
{ "type": "Feature", "properties": { "status": "new", "address": "16 Bedford Ct, Unit 16, Amherst, MA 01002", "price": "415000", "dom": "13", "pid": "F_390142_2959063", "hoa": "516", "flood_ok": 500, "nri_heat": 32.6, "nri_wildfire": 65.8, "nri_drought": 84.5, "nri_risk": 43.8, "pm25": 7.21, "ozone": 55.66, "heat_2050": 948.0, "precip1in_2050": 7.7 }, "geometry": { "type": "Polygon", "coordinates": [ [ [ -72.483607, 42.364076 ], [ -72.484835, 42.364352 ], [ -72.485201, 42.363043 ], [ -72.482708, 42.363296 ], [ -72.484227, 42.36354 ], [ -72.483607, 42.364076 ] ] ] } },
{ "type": "Feature", "properties": { "status": "gone", "address": "68 Stony Hill Rd, Amherst, MA 01002", "price": "325000", "dom": "7", "pid": "F_390697_2959161", "hoa": "", "flood_ok": 1000, "nri_heat": 32.6, "nri_wildfire": 65.8, "nri_drought": 84.5, "nri_risk": 43.8, "pm25": 7.21, "ozone": 55.66, "heat_2050": 948.0, "precip1in_2050": 7.7 }, "geometry": { "type": "Polygon", "coordinates": [ [ [ -72.482018, 42.364016 ], [ -72.482498, 42.364048 ], [ -72.482625, 42.363891 ], [ -72.482342, 42.363688 ], [ -72.482018, 42.364016 ] ] ] } },
{ "type": "Feature", "properties": { "status": "new", "address": "230 N Main St, Northampton, MA 01062", "price": "2000000", "dom": "11", "pid": "M_102535_899668", "hoa": "", "flood_ok": 1000, "nri_heat": 27.2, "nri_wildfire": 63.7, "nri_drought": 85.5, "nri_risk": 42.9, "pm25": 7.18, "ozone": 55.01, "heat_2050": 948.0, "precip1in_2050": 7.7 }, "geometry": { "type": "Polygon", "coordinates": [ [ [ -72.683289, 42.342462 ], [ -72.686946, 42.341656 ], [ -72.686131, 42.341273 ], [ -72.685683, 42.340358 ], [ -72.684393, 42.340984 ], [ -72.681075, 42.340452 ], [ -72.678332, 42.340835 ], [ -72.67961, 42.341937 ], [ -72.683289, 42.342462 ] ] ] } },
{ "type": "Feature", "properties": { "status": "lingering", "address": "21 23 Olmsted Dr, Springfield, MA 01108", "price": "364900", "dom": "15", "pid": "F_369739_2855645", "hoa": "", "flood_ok": 1000, "nri_heat": 60.1, "nri_wildfire": 47.6, "nri_drought": 0.0, "nri_risk": 73.9, "pm25": 7.84, "ozone": 58.55, "heat_2050": 1036.0, "precip1in_2050": 7.6 }, "geometry": { "type": "Polygon", "coordinates": [ [ [ -72.554972, 42.078987 ], [ -72.55504, 42.079368 ], [ -72.555252, 42.079348 ], [ -72.555188, 42.078967 ], [ -72.554972, 42.078987 ] ] ] } },
{ "type": "Feature", "properties": { "status": "new", "address": "298-302 Belmont Ave, Springfield, MA 01108", "price": "749900", "dom": "14", "pid": "F_366571_2858746", "hoa": "", "flood_ok": 1000, "nri_heat": 60.1, "nri_wildfire": 47.6, "nri_drought": 0.0, "nri_risk": 73.9, "pm25": 7.84, "ozone": 58.55, "heat_2050": 1036.0, "precip1in_2050": 7.6 }, "geometry": { "type": "Polygon", "coordinates": [ [ [ -72.566776, 42.087721 ], [ -72.566956, 42.087751 ], [ -72.56708, 42.087376 ], [ -72.566876, 42.087417 ], [ -72.566776, 42.087721 ] ] ] } },
{ "type": "Feature", "properties": { "status": "new", "address": "82-84 Maryland St, Springfield, MA 01108", "price": "350000", "dom": "14", "pid": "F_369085_2856037", "hoa": "", "flood_ok": 1000, "nri_heat": 60.1, "nri_wildfire": 47.6, "nri_drought": 0.0, "nri_risk": 73.9, "pm25": 7.84, "ozone": 58.55, "heat_2050": 1036.0, "precip1in_2050": 7.6 }, "geometry": { "type": "Polygon", "coordinates": [ [ [ -72.557397, 42.080109 ], [ -72.557506, 42.080371 ], [ -72.557682, 42.080331 ], [ -72.557573, 42.080069 ], [ -72.557397, 42.080109 ] ] ] } },
{ "type": "Feature", "properties": { "status": "new", "address": "34 Parkwood St, Springfield, MA 01108", "price": "299900", "dom": "14", "pid": "F_368310_2857648", "hoa": "", "flood_ok": 1000, "nri_heat": 60.1, "nri_wildfire": 47.6, "nri_drought": 0.0, "nri_risk": 73.9, "pm25": 7.84, "ozone": 58.55, "heat_2050": 1036.0, "precip1in_2050": 7.6 }, "geometry": { "type": "Polygon", "coordinates": [ [ [ -72.560232, 42.08459 ], [ -72.560279, 42.084723 ], [ -72.560706, 42.08464 ], [ -72.560659, 42.084507 ], [ -72.560232, 42.08459 ] ] ] } },
{ "type": "Feature", "properties": { "status": "new", "address": "104 Wayne St, Springfield, MA 01118", "price": "379900", "dom": "13", "pid": "F_372111_2860118", "hoa": "", "flood_ok": 500, "nri_heat": 43.1, "nri_wildfire": 29.4, "nri_drought": 0.0, "nri_risk": 42.4, "pm25": 7.8, "ozone": 58.64, "heat_2050": 1036.0, "precip1in_2050": 7.6 }, "geometry": { "type": "Polygon", "coordinates": [ [ [ -72.546383, 42.09146 ], [ -72.546406, 42.091616 ], [ -72.546771, 42.091579 ], [ -72.546748, 42.091424 ], [ -72.546383, 42.09146 ] ] ] } },
{ "type": "Feature", "properties": { "status": "new", "address": "45 Bronson Ter, Springfield, MA 01108", "price": "359900", "dom": "13", "pid": "F_369549_2855218", "hoa": "", "flood_ok": 1000, "nri_heat": 60.1, "nri_wildfire": 47.6, "nri_drought": 0.0, "nri_risk": 73.9, "pm25": 7.84, "ozone": 58.55, "heat_2050": 1036.0, "precip1in_2050": 7.6 }, "geometry": { "type": "Polygon", "coordinates": [ [ [ -72.555649, 42.077825 ], [ -72.555724, 42.078177 ], [ -72.555942, 42.07815 ], [ -72.555861, 42.077799 ], [ -72.555649, 42.077825 ] ] ] } },
{ "type": "Feature", "properties": { "status": "new", "address": "122 Fort Pleasant Ave, Springfield, MA 01108", "price": "515000", "dom": "12", "pid": "F_364154_2858646", "hoa": "", "flood_ok": 1000, "nri_heat": 60.1, "nri_wildfire": 47.6, "nri_drought": 0.0, "nri_risk": 73.9, "pm25": 7.84, "ozone": 58.55, "heat_2050": 1036.0, "precip1in_2050": 7.6 }, "geometry": { "type": "Polygon", "coordinates": [ [ [ -72.575561, 42.08722 ], [ -72.575649, 42.087356 ], [ -72.576087, 42.087202 ], [ -72.575998, 42.087066 ], [ -72.575561, 42.08722 ] ] ] } },
{ "type": "Feature", "properties": { "status": "new", "address": "68 Alhambra Cir N, Agawam, MA 01001", "price": "369900", "dom": "11", "pid": "F_360120_2855580", "hoa": "", "flood_ok": 500, "nri_heat": 42.6, "nri_wildfire": 43.8, "nri_drought": 83.4, "nri_risk": 57.5, "pm25": 7.8, "ozone": 58.33, "heat_2050": 1036.0, "precip1in_2050": 7.6 }, "geometry": { "type": "Polygon", "coordinates": [ [ [ -72.590599, 42.078808 ], [ -72.590692, 42.078537 ], [ -72.590476, 42.078501 ], [ -72.590389, 42.078778 ], [ -72.590599, 42.078808 ] ] ] } },
{ "type": "Feature", "properties": { "status": "new", "address": "863 Worthington St, Springfield, MA 01105", "price": "249000", "dom": "10", "pid": "F_362641_2867659", "hoa": "", "flood_ok": 1000, "nri_heat": 32.3, "nri_wildfire": 34.9, "nri_drought": 0.0, "nri_risk": 39.6, "pm25": 7.82, "ozone": 58.19, "heat_2050": 1036.0, "precip1in_2050": 7.6 }, "geometry": { "type": "Polygon", "coordinates": [ [ [ -72.581657, 42.111852 ], [ -72.581877, 42.112154 ], [ -72.582109, 42.112099 ], [ -72.58176, 42.11162 ], [ -72.581657, 42.111852 ] ] ] } },
{ "type": "Feature", "properties": { "status": "new", "address": "50 Lawton Dr, Brattleboro, VT 05301", "price": "129000", "dom": "14", "pid": "081-025-14652", "hoa": "", "flood_ok": 1000, "nri_heat": 30.0, "nri_wildfire": 51.4, "nri_drought": 0.0, "nri_risk": 49.7, "pm25": 6.33, "ozone": 51.94, "heat_2050": 605.0, "precip1in_2050": 7.6 }, "geometry": { "type": "Polygon", "coordinates": [ [ [ -72.608984, 42.859436 ], [ -72.609451, 42.859446 ], [ -72.609462, 42.859309 ], [ -72.608995, 42.859301 ], [ -72.608984, 42.859436 ] ] ] } },
{ "type": "Feature", "properties": { "status": "new", "address": "627 Abbott Rd, Brattleboro, VT 05301", "price": "310000", "dom": "11", "pid": "081-025-13362", "hoa": "", "flood_ok": 1000, "nri_heat": 30.0, "nri_wildfire": 51.4, "nri_drought": 0.0, "nri_risk": 49.7, "pm25": 6.33, "ozone": 51.94, "heat_2050": 605.0, "precip1in_2050": 7.6 }, "geometry": { "type": "Polygon", "coordinates": [ [ [ -72.635692, 42.851387 ], [ -72.636377, 42.851804 ], [ -72.636298, 42.852673 ], [ -72.636744, 42.852816 ], [ -72.6369, 42.851369 ], [ -72.635692, 42.851387 ] ] ] } },
{ "type": "Feature", "properties": { "status": "lingering", "address": "29 Asas Way, Bennington, VT 05257", "price": "53000", "dom": "160", "pid": "051-138-70006", "hoa": "", "flood_ok": 500, "nri_heat": 21.1, "nri_wildfire": 65.6, "nri_drought": 0.0, "nri_risk": 69.0, "pm25": 6.2, "ozone": 52.55, "heat_2050": 516.0, "precip1in_2050": 7.5 }, "geometry": { "type": "Polygon", "coordinates": [ [ [ -73.243333, 42.917038 ], [ -73.243927, 42.917125 ], [ -73.244049, 42.916814 ], [ -73.243524, 42.916614 ], [ -73.243333, 42.917038 ] ] ] } },
{ "type": "Feature", "properties": { "status": "lingering", "address": "1806 Bosley Hill Rd, Readsboro, VT 05350", "price": "259000", "dom": "109", "pid": "513-161-10248", "hoa": "", "flood_ok": 1000, "nri_heat": 8.6, "nri_wildfire": 56.2, "nri_drought": 0.0, "nri_risk": 44.7, "pm25": 5.99, "ozone": 52.74, "heat_2050": 605.0, "precip1in_2050": 7.6 }, "geometry": { "type": "Polygon", "coordinates": [ [ [ -72.953947, 42.756073 ], [ -72.956897, 42.756089 ], [ -72.957304, 42.755494 ], [ -72.955509, 42.753847 ], [ -72.953947, 42.756073 ] ] ] } },
{ "type": "Feature", "properties": { "status": "new", "address": "2 North St, Bennington, VT 05257", "price": "219000", "dom": "12", "pid": "051-138-64680", "hoa": "", "flood_ok": 500, "nri_heat": 21.1, "nri_wildfire": 65.6, "nri_drought": 0.0, "nri_risk": 69.0, "pm25": 6.2, "ozone": 52.55, "heat_2050": 516.0, "precip1in_2050": 7.5 }, "geometry": { "type": "Polygon", "coordinates": [ [ [ -73.239166, 42.929493 ], [ -73.239571, 42.929282 ], [ -73.239177, 42.928666 ], [ -73.238628, 42.928833 ], [ -73.239166, 42.929493 ] ] ] } },
{ "type": "Feature", "properties": { "status": "new", "address": "128 Burgess Rd, Bennington, VT 05201", "price": "165000", "dom": "13", "pid": "051-015-68242", "hoa": "", "flood_ok": 500, "nri_heat": 20.2, "nri_wildfire": 58.1, "nri_drought": 0.0, "nri_risk": 55.8, "pm25": 6.13, "ozone": 52.63, "heat_2050": 516.0, "precip1in_2050": 7.5 }, "geometry": { "type": "Polygon", "coordinates": [ [ [ -73.173062, 42.880286 ], [ -73.173339, 42.880228 ], [ -73.173337, 42.88013 ], [ -73.173073, 42.880143 ], [ -73.173062, 42.880286 ] ] ] } },
{ "type": "Feature", "properties": { "status": "gone", "address": "230 Beech St, Bennington, VT 05201", "price": "249500", "dom": "5", "pid": "051-015-69199", "hoa": "", "flood_ok": 1000, "nri_heat": 20.2, "nri_wildfire": 58.1, "nri_drought": 0.0, "nri_risk": 55.8, "pm25": 6.13, "ozone": 52.63, "heat_2050": 516.0, "precip1in_2050": 7.5 }, "geometry": { "type": "Polygon", "coordinates": [ [ [ -73.18159, 42.875752 ], [ -73.181855, 42.876005 ], [ -73.182351, 42.875581 ], [ -73.182177, 42.875502 ], [ -73.18159, 42.875752 ] ] ] } },
{ "type": "Feature", "properties": { "status": "new", "address": "Ladd Rd, Pownal, VT 05261", "price": "85000", "dom": "13", "pid": "495-156-11439", "hoa": "", "flood_ok": 500, "nri_heat": 12.1, "nri_wildfire": 58.6, "nri_drought": 0.0, "nri_risk": 45.2, "pm25": 6.21, "ozone": 52.82, "heat_2050": 516.0, "precip1in_2050": 7.5 }, "geometry": { "type": "MultiPolygon", "coordinates": [ [ [ [ -73.228024, 42.773914 ], [ -73.231507, 42.773555 ], [ -73.232029, 42.771978 ], [ -73.229079, 42.772282 ], [ -73.228024, 42.773914 ] ] ], [ [ [ -73.22736, 42.772491 ], [ -73.228491, 42.773016 ], [ -73.228879, 42.772307 ], [ -73.228871, 42.772305 ], [ -73.22736, 42.772491 ] ] ] ] } },
{ "type": "Feature", "properties": { "status": "lingering", "address": "81 Springfield St, Wilbraham, MA 01095", "price": "995000", "dom": "36", "pid": "F_401614_2870899", "hoa": "", "flood_ok": 1000, "nri_heat": 48.4, "nri_wildfire": 56.5, "nri_drought": 82.8, "nri_risk": 50.5, "pm25": 7.5, "ozone": 58.43, "heat_2050": 1036.0, "precip1in_2050": 7.6 }, "geometry": { "type": "Polygon", "coordinates": [ [ [ -72.438101, 42.121656 ], [ -72.437823, 42.122569 ], [ -72.43855, 42.122495 ], [ -72.43846, 42.121615 ], [ -72.438101, 42.121656 ] ] ] } },
{ "type": "Feature", "properties": { "status": "new", "address": "307 Chicopee St, Granby, MA 01033", "price": "699999", "dom": "4", "pid": "M_118754_887574", "hoa": "", "flood_ok": 500, "nri_heat": 32.4, "nri_wildfire": 76.1, "nri_drought": 88.0, "nri_risk": 24.3, "pm25": 7.4, "ozone": 57.13, "heat_2050": 948.0, "precip1in_2050": 7.7 }, "geometry": { "type": "Polygon", "coordinates": [ [ [ -72.483324, 42.234213 ], [ -72.483135, 42.234923 ], [ -72.485933, 42.234508 ], [ -72.484914, 42.234541 ], [ -72.485113, 42.233984 ], [ -72.483324, 42.234213 ] ] ] } },
{ "type": "Feature", "properties": { "status": "new", "address": "211 Holyoke St, Ludlow, MA 01056", "price": "358000", "dom": "2", "pid": "M_118206_880256", "hoa": "", "flood_ok": 500, "nri_heat": 43.7, "nri_wildfire": 39.9, "nri_drought": 78.9, "nri_risk": 34.4, "pm25": 7.57, "ozone": 58.18, "heat_2050": 1036.0, "precip1in_2050": 7.6 }, "geometry": { "type": "Polygon", "coordinates": [ [ [ -72.490094, 42.168371 ], [ -72.489664, 42.168416 ], [ -72.490164, 42.168531 ], [ -72.490094, 42.168371 ] ] ] } },
{ "type": "Feature", "properties": { "status": "new", "address": "29 Hill Ter, Ludlow, MA 01056", "price": "379900", "dom": "4", "pid": "M_121964_879609", "hoa": "", "flood_ok": 1000, "nri_heat": 18.5, "nri_wildfire": 32.0, "nri_drought": 0.0, "nri_risk": 7.1, "pm25": 7.5, "ozone": 58.28, "heat_2050": 1036.0, "precip1in_2050": 7.6 }, "geometry": { "type": "Polygon", "coordinates": [ [ [ -72.444295, 42.162841 ], [ -72.444026, 42.163241 ], [ -72.44467, 42.162936 ], [ -72.444295, 42.162841 ] ] ] } },
{ "type": "Feature", "properties": { "status": "lingering", "address": "51-53 Suffolk St, Springfield, MA 01109", "price": "499900", "dom": "61", "pid": "F_370799_2867356", "hoa": "", "flood_ok": 500, "nri_heat": 54.9, "nri_wildfire": 36.5, "nri_drought": 0.0, "nri_risk": 41.1, "pm25": 7.8, "ozone": 58.39, "heat_2050": 1036.0, "precip1in_2050": 7.6 }, "geometry": { "type": "Polygon", "coordinates": [ [ [ -72.551531, 42.111292 ], [ -72.551557, 42.111428 ], [ -72.551951, 42.111385 ], [ -72.551926, 42.111249 ], [ -72.551531, 42.111292 ] ] ] } },
{ "type": "Feature", "properties": { "status": "lingering", "address": "50 Phelps St, Easthampton, MA 01027", "price": "349900", "dom": "166", "pid": "M_102563_887587", "hoa": "", "flood_ok": 1000, "nri_heat": 22.7, "nri_wildfire": 61.5, "nri_drought": 79.7, "nri_risk": 14.3, "pm25": 7.36, "ozone": 56.11, "heat_2050": 948.0, "precip1in_2050": 7.7 }, "geometry": { "type": "Polygon", "coordinates": [ [ [ -72.680171, 42.232836 ], [ -72.680449, 42.232929 ], [ -72.680611, 42.232425 ], [ -72.680419, 42.232444 ], [ -72.680171, 42.232836 ] ] ] } },
{ "type": "Feature", "properties": { "status": "lingering", "address": "36 Treehouse Cir, Easthampton, MA 01027", "price": "650000", "dom": "34", "pid": "M_103262_889537", "hoa": "", "flood_ok": 500, "nri_heat": 22.7, "nri_wildfire": 61.5, "nri_drought": 79.7, "nri_risk": 14.3, "pm25": 7.36, "ozone": 56.11, "heat_2050": 948.0, "precip1in_2050": 7.7 }, "geometry": { "type": "Polygon", "coordinates": [ [ [ -72.672149, 42.250161 ], [ -72.672209, 42.250481 ], [ -72.672471, 42.250447 ], [ -72.672367, 42.250131 ], [ -72.672149, 42.250161 ] ] ] } },
{ "type": "Feature", "properties": { "status": "lingering", "address": "178 Brickyard Rd, Southampton, MA 01073", "price": "150000", "dom": "33", "pid": "F_319564_2902195", "hoa": "", "flood_ok": 500, "nri_heat": 24.6, "nri_wildfire": 68.1, "nri_drought": 86.5, "nri_risk": 24.0, "pm25": 7.25, "ozone": 56.15, "heat_2050": 948.0, "precip1in_2050": 7.7 }, "geometry": { "type": "Polygon", "coordinates": [ [ [ -72.742057, 42.204868 ], [ -72.74181, 42.20512 ], [ -72.742469, 42.205545 ], [ -72.742783, 42.205208 ], [ -72.742365, 42.204557 ], [ -72.742057, 42.204868 ] ] ] } },
{ "type": "Feature", "properties": { "status": "lingering", "address": "177 Brickyard Rd, Southampton, MA 01073", "price": "150000", "dom": "33", "pid": "F_319645_2901882", "hoa": "", "flood_ok": 500, "nri_heat": 24.6, "nri_wildfire": 68.1, "nri_drought": 86.5, "nri_risk": 24.0, "pm25": 7.25, "ozone": 56.15, "heat_2050": 948.0, "precip1in_2050": 7.7 }, "geometry": { "type": "MultiPolygon", "coordinates": [ [ [ [ -72.742274, 42.202905 ], [ -72.742059, 42.203445 ], [ -72.74303, 42.203629 ], [ -72.743442, 42.203254 ], [ -72.742303, 42.202835 ], [ -72.742274, 42.202905 ] ] ], [ [ [ -72.741625, 42.204537 ], [ -72.741348, 42.205144 ], [ -72.742883, 42.203762 ], [ -72.741995, 42.203606 ], [ -72.741625, 42.204537 ] ] ] ] } },
{ "type": "Feature", "properties": { "status": "lingering", "address": "45 Middlesex St, Springfield, MA 01109", "price": "399000", "dom": "27", "pid": "F_370538_2867374", "hoa": "", "flood_ok": 500, "nri_heat": 54.9, "nri_wildfire": 36.5, "nri_drought": 0.0, "nri_risk": 41.1, "pm25": 7.8, "ozone": 58.39, "heat_2050": 1036.0, "precip1in_2050": 7.6 }, "geometry": { "type": "Polygon", "coordinates": [ [ [ -72.552506, 42.111329 ], [ -72.552532, 42.111465 ], [ -72.552903, 42.111426 ], [ -72.552877, 42.11129 ], [ -72.552506, 42.111329 ] ] ] } },
{ "type": "Feature", "properties": { "status": "lingering", "address": "54 Horseshoe Dr, Unit 54, Chicopee, MA 01022", "price": "239900", "dom": "26", "pid": "F_367782_2895911", "hoa": "401", "flood_ok": 500, "nri_heat": 36.3, "nri_wildfire": 37.7, "nri_drought": 67.5, "nri_risk": 7.5, "pm25": 7.51, "ozone": 57.85, "heat_2050": 1036.0, "precip1in_2050": 7.6 }, "geometry": { "type": "MultiPolygon", "coordinates": [ [ [ [ -72.564581, 42.185204 ], [ -72.564208, 42.18538 ], [ -72.565038, 42.186486 ], [ -72.565524, 42.186848 ], [ -72.565978, 42.18655 ], [ -72.565188, 42.18527 ], [ -72.564581, 42.185204 ] ] ], [ [ [ -72.565192, 42.185138 ], [ -72.566187, 42.186252 ], [ -72.565689, 42.186986 ], [ -72.566511, 42.187618 ], [ -72.566017, 42.185058 ], [ -72.565192, 42.185138 ] ] ], [ [ [ -72.56405, 42.185393 ], [ -72.562944, 42.185524 ], [ -72.563853, 42.187825 ], [ -72.565869, 42.18764 ], [ -72.565725, 42.187217 ], [ -72.5647, 42.186325 ], [ -72.56405, 42.185393 ] ] ], [ [ [ -72.564969, 42.18798 ], [ -72.563167, 42.188108 ], [ -72.563207, 42.18889 ], [ -72.565054, 42.188785 ], [ -72.564969, 42.18798 ] ] ], [ [ [ -72.562034, 42.188292 ], [ -72.5612, 42.188336 ], [ -72.561498, 42.189593 ], [ -72.562194, 42.189239 ], [ -72.562034, 42.188292 ] ] ], [ [ [ -72.560464, 42.188245 ], [ -72.56019, 42.189469 ], [ -72.561201, 42.189665 ], [ -72.560986, 42.188333 ], [ -72.560464, 42.188245 ] ] ], [ [ [ -72.565142, 42.188985 ], [ -72.563249, 42.189071 ], [ -72.563262, 42.18966 ], [ -72.564713, 42.190207 ], [ -72.565142, 42.188985 ] ] ], [ [ [ -72.560885, 42.190366 ], [ -72.561404, 42.190305 ], [ -72.561305, 42.18985 ], [ -72.560105, 42.189603 ], [ -72.56019, 42.188264 ], [ -72.559823, 42.188151 ], [ -72.559561, 42.189859 ], [ -72.560885, 42.190366 ] ] ], [ [ [ -72.565855, 42.1878 ], [ -72.565111, 42.187931 ], [ -72.565278, 42.189109 ], [ -72.564902, 42.190536 ], [ -72.56618, 42.189835 ], [ -72.565855, 42.1878 ] ] ], [ [ [ -72.562967, 42.188204 ], [ -72.562212, 42.188217 ], [ -72.562336, 42.189307 ], [ -72.561511, 42.189786 ], [ -72.561772, 42.190912 ], [ -72.563265, 42.189966 ], [ -72.562967, 42.188204 ] ] ], [ [ [ -72.563495, 42.190048 ], [ -72.561803, 42.191118 ], [ -72.562134, 42.192049 ], [ -72.562647, 42.192062 ], [ -72.56455, 42.190365 ], [ -72.563495, 42.190048 ] ] ], [ [ [ -72.560961, 42.190678 ], [ -72.561144, 42.19203 ], [ -72.562627, 42.192896 ], [ -72.561848, 42.191966 ], [ -72.561474, 42.190619 ], [ -72.560961, 42.190678 ] ] ], [ [ [ -72.562734, 42.19244 ], [ -72.565699, 42.193363 ], [ -72.566318, 42.192644 ], [ -72.563896, 42.191182 ], [ -72.562734, 42.19244 ] ] ], [ [ [ -72.564514, 42.193549 ], [ -72.566115, 42.194089 ], [ -72.567537, 42.191856 ], [ -72.566536, 42.187752 ], [ -72.566126, 42.187863 ], [ -72.566402, 42.189313 ], [ -72.566236, 42.190054 ], [ -72.566983, 42.190505 ], [ -72.567152, 42.191288 ], [ -72.566175, 42.1902 ], [ -72.565431, 42.190645 ], [ -72.564567, 42.190537 ], [ -72.564001, 42.191048 ], [ -72.56637, 42.192401 ], [ -72.566449, 42.192722 ], [ -72.566083, 42.193315 ], [ -72.565358, 42.193426 ], [ -72.56269, 42.192607 ], [ -72.564514, 42.193549 ] ] ] ] } },
{ "type": "Feature", "properties": { "status": "new", "address": "26 Beaudry Ave, Chicopee, MA 01020", "price": "310000", "dom": "13", "pid": "F_365010_2903333", "hoa": "", "flood_ok": 500, "nri_heat": 29.6, "nri_wildfire": 24.5, "nri_drought": 0.0, "nri_risk": 9.4, "pm25": 7.54, "ozone": 57.55, "heat_2050": 1036.0, "precip1in_2050": 7.6 }, "geometry": { "type": "Polygon", "coordinates": [ [ [ -72.574559, 42.209648 ], [ -72.574642, 42.210077 ], [ -72.574919, 42.210055 ], [ -72.574856, 42.209639 ], [ -72.574559, 42.209648 ] ] ] } },
{ "type": "Feature", "properties": { "status": "new", "address": "9 Labrie Ln, Holyoke, MA 01040", "price": "649900", "dom": "13", "pid": "F_337475_2904526", "hoa": "", "flood_ok": 500, "nri_heat": 34.2, "nri_wildfire": 58.6, "nri_drought": 81.6, "nri_risk": 22.8, "pm25": 7.54, "ozone": 57.06, "heat_2050": 1036.0, "precip1in_2050": 7.6 }, "geometry": { "type": "Polygon", "coordinates": [ [ [ -72.675774, 42.211779 ], [ -72.676698, 42.212642 ], [ -72.677105, 42.212449 ], [ -72.676041, 42.2116 ], [ -72.675774, 42.211779 ] ] ] } },
{ "type": "Feature", "properties": { "status": "new", "address": "2 Jeffrey Ln, Westfield, MA 01085", "price": "125000", "dom": "12", "pid": "F_316075_2888498", "hoa": "508", "flood_ok": 500, "nri_heat": 48.2, "nri_wildfire": 67.5, "nri_drought": 91.0, "nri_risk": 74.5, "pm25": 7.28, "ozone": 56.6, "heat_2050": 1036.0, "precip1in_2050": 7.6 }, "geometry": { "type": "Polygon", "coordinates": [ [ [ -72.752444, 42.169062 ], [ -72.756614, 42.169331 ], [ -72.756131, 42.165539 ], [ -72.75314, 42.164936 ], [ -72.752444, 42.169062 ] ] ] } },
{ "type": "Feature", "properties": { "status": "lingering", "address": "45 Campbell Dr, Easthampton, MA 01027", "price": "499000", "dom": "29", "pid": "M_102627_886830", "hoa": "", "flood_ok": 500, "nri_heat": 22.7, "nri_wildfire": 61.5, "nri_drought": 79.7, "nri_risk": 14.3, "pm25": 7.36, "ozone": 56.11, "heat_2050": 948.0, "precip1in_2050": 7.7 }, "geometry": { "type": "Polygon", "coordinates": [ [ [ -72.679129, 42.225728 ], [ -72.679222, 42.226155 ], [ -72.679687, 42.2261 ], [ -72.680111, 42.225609 ], [ -72.67942, 42.225693 ], [ -72.679129, 42.225728 ] ] ] } },
{ "type": "Feature", "properties": { "status": "lingering", "address": "45 Brook St, Easthampton, MA 01027", "price": "495000", "dom": "28", "pid": "M_103997_889232", "hoa": "", "flood_ok": 1000, "nri_heat": 22.7, "nri_wildfire": 61.5, "nri_drought": 79.7, "nri_risk": 14.3, "pm25": 7.36, "ozone": 56.11, "heat_2050": 948.0, "precip1in_2050": 7.7 }, "geometry": { "type": "Polygon", "coordinates": [ [ [ -72.662988, 42.247434 ], [ -72.662964, 42.247927 ], [ -72.663864, 42.247883 ], [ -72.66363, 42.247373 ], [ -72.662988, 42.247434 ] ] ] } },
{ "type": "Feature", "properties": { "status": "lingering", "address": "47 Overlook Dr, Easthampton, MA 01027", "price": "619000", "dom": "26", "pid": "M_103338_887815", "hoa": "", "flood_ok": 1000, "nri_heat": 22.7, "nri_wildfire": 61.5, "nri_drought": 79.7, "nri_risk": 14.3, "pm25": 7.36, "ozone": 56.11, "heat_2050": 948.0, "precip1in_2050": 7.7 }, "geometry": { "type": "Polygon", "coordinates": [ [ [ -72.670871, 42.234622 ], [ -72.670946, 42.235075 ], [ -72.671311, 42.235021 ], [ -72.671269, 42.234583 ], [ -72.670871, 42.234622 ] ] ] } },
{ "type": "Feature", "properties": { "status": "lingering", "address": "1005 Park Hill Rd, Northampton, MA 01062", "price": "249900", "dom": "26", "pid": "M_99842_893888", "hoa": "", "flood_ok": 1000, "nri_heat": 24.4, "nri_wildfire": 59.5, "nri_drought": 93.7, "nri_risk": 27.9, "pm25": 7.33, "ozone": 55.61, "heat_2050": 948.0, "precip1in_2050": 7.7 }, "geometry": { "type": "Polygon", "coordinates": [ [ [ -72.715306, 42.288751 ], [ -72.713787, 42.288807 ], [ -72.713859, 42.289517 ], [ -72.715294, 42.289123 ], [ -72.715306, 42.288751 ] ] ] } },
{ "type": "Feature", "properties": { "status": "lingering", "address": "16 Gunn Rd Ext, Unit B, Southampton, MA 01073", "price": "449900", "dom": "26", "pid": "F_326189_2915502", "hoa": "258", "flood_ok": 1000, "nri_heat": 24.6, "nri_wildfire": 68.1, "nri_drought": 86.5, "nri_risk": 24.0, "pm25": 7.25, "ozone": 56.15, "heat_2050": 948.0, "precip1in_2050": 7.7 }, "geometry": { "type": "Polygon", "coordinates": [ [ [ -72.718327, 42.241405 ], [ -72.718303, 42.241869 ], [ -72.719014, 42.24222 ], [ -72.71906, 42.241609 ], [ -72.718327, 42.241405 ] ] ] } },
{ "type": "Feature", "properties": { "status": "lingering", "address": "130 Woodland Dr, Northampton, MA 01062", "price": "185000", "dom": "25", "pid": "M_100395_895334", "hoa": "360", "flood_ok": 1000, "nri_heat": 24.4, "nri_wildfire": 59.5, "nri_drought": 93.7, "nri_risk": 27.9, "pm25": 7.33, "ozone": 55.61, "heat_2050": 948.0, "precip1in_2050": 7.7 }, "geometry": { "type": "Polygon", "coordinates": [ [ [ -72.707757, 42.301709 ], [ -72.707819, 42.302606 ], [ -72.708331, 42.302538 ], [ -72.708267, 42.30169 ], [ -72.707757, 42.301709 ] ] ] } },
{ "type": "Feature", "properties": { "status": "new", "address": "6 Boynton Rd, Unit A, Deerfield, MA 01373", "price": "419900", "dom": "4", "pid": "M_108174_917795", "hoa": "377", "flood_ok": 1000, "nri_heat": 47.8, "nri_wildfire": 56.8, "nri_drought": 90.0, "nri_risk": 68.4, "pm25": 7.16, "ozone": 53.2, "heat_2050": 866.0, "precip1in_2050": 7.3 }, "geometry": { "type": "Polygon", "coordinates": [ [ [ -72.616981, 42.505437 ], [ -72.618431, 42.505853 ], [ -72.617011, 42.50482 ], [ -72.616367, 42.50489 ], [ -72.616981, 42.505437 ] ] ] } },
{ "type": "Feature", "properties": { "status": "new", "address": "217 N Main St, Deerfield, MA 01373", "price": "875000", "dom": "7", "pid": "M_108802_916691", "hoa": "", "flood_ok": 500, "nri_heat": 47.8, "nri_wildfire": 56.8, "nri_drought": 90.0, "nri_risk": 68.4, "pm25": 7.16, "ozone": 53.2, "heat_2050": 866.0, "precip1in_2050": 7.3 }, "geometry": { "type": "Polygon", "coordinates": [ [ [ -72.60884, 42.495586 ], [ -72.60905, 42.496401 ], [ -72.60975, 42.496293 ], [ -72.610074, 42.494546 ], [ -72.609079, 42.494628 ], [ -72.60884, 42.495586 ] ] ] } },
{ "type": "Feature", "properties": { "status": "new", "address": "4 Jackson Hill Rd, Leverett, MA 01054", "price": "465000", "dom": "4", "pid": "M_116239_916975", "hoa": "", "flood_ok": 1000, "nri_heat": 33.6, "nri_wildfire": 78.2, "nri_drought": 84.0, "nri_risk": 18.3, "pm25": 6.87, "ozone": 54.77, "heat_2050": 866.0, "precip1in_2050": 7.3 }, "geometry": { "type": "Polygon", "coordinates": [ [ [ -72.518538, 42.499492 ], [ -72.519948, 42.499125 ], [ -72.519646, 42.498226 ], [ -72.518228, 42.498551 ], [ -72.518538, 42.499492 ] ] ] } },
{ "type": "Feature", "properties": { "status": "new", "address": "136 Montague City Rd, Greenfield, MA 01301", "price": "125000", "dom": "6", "pid": "M_111415_925753", "hoa": "", "flood_ok": 1000, "nri_heat": 31.8, "nri_wildfire": 66.0, "nri_drought": 0.0, "nri_risk": 29.5, "pm25": 7.1, "ozone": 52.6, "heat_2050": 866.0, "precip1in_2050": 7.3 }, "geometry": { "type": "Polygon", "coordinates": [ [ [ -72.578496, 42.577611 ], [ -72.579775, 42.577617 ], [ -72.579719, 42.577132 ], [ -72.578433, 42.576857 ], [ -72.578496, 42.577611 ] ] ] } },
{ "type": "Feature", "properties": { "status": "new", "address": "122 S Silver Ln, Sunderland, MA 01375", "price": "995000", "dom": "2", "pid": "M_112542_911228", "hoa": "", "flood_ok": 500, "nri_heat": 46.9, "nri_wildfire": 72.5, "nri_drought": 97.2, "nri_risk": 69.7, "pm25": 7.21, "ozone": 54.01, "heat_2050": 866.0, "precip1in_2050": 7.3 }, "geometry": { "type": "Polygon", "coordinates": [ [ [ -72.563579, 42.446094 ], [ -72.562392, 42.446334 ], [ -72.562815, 42.447242 ], [ -72.56388, 42.447025 ], [ -72.563579, 42.446094 ] ] ] } },
{ "type": "Feature", "properties": { "status": "new", "address": "239 Bridge St, Northampton, MA 01060", "price": "599000", "dom": "8", "pid": "M_107321_898080", "hoa": "", "flood_ok": 500, "nri_heat": 24.4, "nri_wildfire": 59.5, "nri_drought": 93.7, "nri_risk": 27.9, "pm25": 7.33, "ozone": 55.61, "heat_2050": 948.0, "precip1in_2050": 7.7 }, "geometry": { "type": "Polygon", "coordinates": [ [ [ -72.624677, 42.32784 ], [ -72.624744, 42.327681 ], [ -72.624201, 42.327727 ], [ -72.624677, 42.32784 ] ] ] } },
{ "type": "Feature", "properties": { "status": "new", "address": "80 Damon Rd, Apt 8206, Northampton, MA 01060", "price": "195000", "dom": "7", "pid": "M_106523_899542", "hoa": "362", "flood_ok": 500, "nri_heat": 26.1, "nri_wildfire": 50.2, "nri_drought": 80.1, "nri_risk": 47.2, "pm25": 7.28, "ozone": 55.05, "heat_2050": 948.0, "precip1in_2050": 7.7 }, "geometry": { "type": "Polygon", "coordinates": [ [ [ -72.632223, 42.340251 ], [ -72.633496, 42.34115 ], [ -72.634819, 42.343219 ], [ -72.636004, 42.34021 ], [ -72.635647, 42.339741 ], [ -72.632988, 42.33901 ], [ -72.634193, 42.339441 ], [ -72.632223, 42.340251 ] ] ] } },
{ "type": "Feature", "properties": { "status": "new", "address": "204 River Dr, Hadley, MA 01035", "price": "775000", "dom": "7", "pid": "M_110746_904204", "hoa": "", "flood_ok": 1000, "nri_heat": 31.2, "nri_wildfire": 57.9, "nri_drought": 96.9, "nri_risk": 58.6, "pm25": 7.33, "ozone": 55.52, "heat_2050": 948.0, "precip1in_2050": 7.7 }, "geometry": { "type": "Polygon", "coordinates": [ [ [ -72.583658, 42.382984 ], [ -72.583481, 42.383388 ], [ -72.584407, 42.383335 ], [ -72.584003, 42.383146 ], [ -72.583658, 42.382984 ] ] ] } },
{ "type": "Feature", "properties": { "status": "new", "address": "94 Chestnut St, Hatfield, MA 01038", "price": "459000", "dom": "4", "pid": "F_352984_2965339", "hoa": "", "flood_ok": 500, "nri_heat": 20.4, "nri_wildfire": 49.5, "nri_drought": 95.2, "nri_risk": 52.3, "pm25": 7.26, "ozone": 54.78, "heat_2050": 948.0, "precip1in_2050": 7.7 }, "geometry": { "type": "Polygon", "coordinates": [ [ [ -72.622026, 42.380296 ], [ -72.623237, 42.380321 ], [ -72.621465, 42.378488 ], [ -72.621868, 42.379686 ], [ -72.622026, 42.380296 ] ] ] } },
{ "type": "Feature", "properties": { "status": "lingering", "address": "228 Belmont Ave, Springfield, MA 01108", "price": "1400000", "dom": "300", "pid": "F_365843_2858946", "hoa": "", "flood_ok": 1000, "nri_heat": 60.1, "nri_wildfire": 47.6, "nri_drought": 0.0, "nri_risk": 73.9, "pm25": 7.84, "ozone": 58.55, "heat_2050": 1036.0, "precip1in_2050": 7.6 }, "geometry": { "type": "Polygon", "coordinates": [ [ [ -72.569526, 42.087907 ], [ -72.569319, 42.088187 ], [ -72.569768, 42.088271 ], [ -72.569858, 42.087969 ], [ -72.569526, 42.087907 ] ] ] } },
{ "type": "Feature", "properties": { "status": "new", "address": "128 Meadowbrook Rd, Longmeadow, MA 01106", "price": "539900", "dom": "11", "pid": "F_361685_2849574", "hoa": "", "flood_ok": 500, "nri_heat": 37.9, "nri_wildfire": 43.2, "nri_drought": 85.7, "nri_risk": 49.0, "pm25": 7.81, "ozone": 58.73, "heat_2050": 1036.0, "precip1in_2050": 7.6 }, "geometry": { "type": "Polygon", "coordinates": [ [ [ -72.584417, 42.062363 ], [ -72.584658, 42.062382 ], [ -72.584701, 42.062111 ], [ -72.584333, 42.062067 ], [ -72.584417, 42.062363 ] ] ] } },
{ "type": "Feature", "properties": { "status": "new", "address": "27 Fernleaf Ave, Longmeadow, MA 01106", "price": "599900", "dom": "10", "pid": "F_363255_2851955", "hoa": "", "flood_ok": 1000, "nri_heat": 37.9, "nri_wildfire": 43.2, "nri_drought": 85.7, "nri_risk": 49.0, "pm25": 7.81, "ozone": 58.73, "heat_2050": 1036.0, "precip1in_2050": 7.6 }, "geometry": { "type": "Polygon", "coordinates": [ [ [ -72.578652, 42.068999 ], [ -72.578868, 42.069036 ], [ -72.578992, 42.068626 ], [ -72.578772, 42.068604 ], [ -72.578652, 42.068999 ] ] ] } },
{ "type": "Feature", "properties": { "status": "new", "address": "234 Carver St, Springfield, MA 01108", "price": "349900", "dom": "8", "pid": "F_372007_2854999", "hoa": "", "flood_ok": 1000, "nri_heat": 65.3, "nri_wildfire": 0.0, "nri_drought": 0.0, "nri_risk": 76.9, "pm25": 7.84, "ozone": 58.63, "heat_2050": 1036.0, "precip1in_2050": 7.6 }, "geometry": { "type": "Polygon", "coordinates": [ [ [ -72.546499, 42.077471 ], [ -72.546665, 42.077635 ], [ -72.546961, 42.077471 ], [ -72.546795, 42.077307 ], [ -72.546499, 42.077471 ] ] ] } },
{ "type": "Feature", "properties": { "status": "new", "address": "35 Rimmon Ave, Springfield, MA 01107", "price": "299900", "dom": "8", "pid": "F_358103_2875314", "hoa": "", "flood_ok": 1000, "nri_heat": 61.6, "nri_wildfire": 38.0, "nri_drought": 0.0, "nri_risk": 25.3, "pm25": 7.78, "ozone": 58.08, "heat_2050": 1036.0, "precip1in_2050": 7.6 }, "geometry": { "type": "Polygon", "coordinates": [ [ [ -72.598707, 42.13269 ], [ -72.598976, 42.132881 ], [ -72.599103, 42.132781 ], [ -72.598833, 42.13259 ], [ -72.598707, 42.13269 ] ] ] } },
{ "type": "Feature", "properties": { "status": "new", "address": "58-60 Bristol St, Springfield, MA 01109", "price": "450000", "dom": "7", "pid": "F_370911_2867321", "hoa": "", "flood_ok": 500, "nri_heat": 54.9, "nri_wildfire": 36.5, "nri_drought": 0.0, "nri_risk": 41.1, "pm25": 7.8, "ozone": 58.39, "heat_2050": 1036.0, "precip1in_2050": 7.6 }, "geometry": { "type": "Polygon", "coordinates": [ [ [ -72.551119, 42.111199 ], [ -72.551147, 42.111334 ], [ -72.551531, 42.111292 ], [ -72.551505, 42.111156 ], [ -72.551119, 42.111199 ] ] ] } },
{ "type": "Feature", "properties": { "status": "new", "address": "22-24 Raymond Pl, Springfield, MA 01104", "price": "430000", "dom": "8", "pid": "F_360811_2871724", "hoa": "", "flood_ok": 1000, "nri_heat": 61.6, "nri_wildfire": 38.0, "nri_drought": 0.0, "nri_risk": 25.3, "pm25": 7.78, "ozone": 58.08, "heat_2050": 1036.0, "precip1in_2050": 7.6 }, "geometry": { "type": "Polygon", "coordinates": [ [ [ -72.588448, 42.12303 ], [ -72.588709, 42.123212 ], [ -72.589069, 42.122933 ], [ -72.588787, 42.122749 ], [ -72.588448, 42.12303 ] ] ] } },
{ "type": "Feature", "properties": { "status": "new", "address": "98 Bellevue Ave, Springfield, MA 01108", "price": "380000", "dom": "8", "pid": "F_365724_2860092", "hoa": "", "flood_ok": 1000, "nri_heat": 35.2, "nri_wildfire": 23.9, "nri_drought": 0.0, "nri_risk": 16.8, "pm25": 7.83, "ozone": 58.47, "heat_2050": 1036.0, "precip1in_2050": 7.6 }, "geometry": { "type": "Polygon", "coordinates": [ [ [ -72.569844, 42.091089 ], [ -72.570125, 42.091475 ], [ -72.570368, 42.091377 ], [ -72.570087, 42.09099 ], [ -72.569844, 42.091089 ] ] ] } },
{ "type": "Feature", "properties": { "status": "new", "address": "196 Pendleton Ave, Chicopee, MA 01020", "price": "270000", "dom": "8", "pid": "F_360251_2895934", "hoa": "", "flood_ok": 1000, "nri_heat": 29.6, "nri_wildfire": 24.5, "nri_drought": 0.0, "nri_risk": 9.4, "pm25": 7.54, "ozone": 57.55, "heat_2050": 1036.0, "precip1in_2050": 7.6 }, "geometry": { "type": "Polygon", "coordinates": [ [ [ -72.592269, 42.189518 ], [ -72.591868, 42.189274 ], [ -72.591616, 42.189367 ], [ -72.591906, 42.189489 ], [ -72.592269, 42.189518 ] ] ] } },
{ "type": "Feature", "properties": { "status": "new", "address": "92-94 Manchester Ter, Springfield, MA 01108", "price": "399900", "dom": "7", "pid": "F_373571_2855659", "hoa": "", "flood_ok": 1000, "nri_heat": 15.9, "nri_wildfire": 25.2, "nri_drought": 0.0, "nri_risk": 5.7, "pm25": 7.85, "ozone": 58.78, "heat_2050": 1036.0, "precip1in_2050": 7.6 }, "geometry": { "type": "Polygon", "coordinates": [ [ [ -72.540821, 42.079393 ], [ -72.541191, 42.079386 ], [ -72.541169, 42.07925 ], [ -72.540804, 42.079283 ], [ -72.540821, 42.079393 ] ] ] } },
{ "type": "Feature", "properties": { "status": "new", "address": "261 Regency Park Dr, Unit 261, Agawam, MA 01001", "price": "225000", "dom": "7", "pid": "F_358261_2857051", "hoa": "397", "flood_ok": 500, "nri_heat": 42.6, "nri_wildfire": 43.8, "nri_drought": 83.4, "nri_risk": 57.5, "pm25": 7.8, "ozone": 58.33, "heat_2050": 1036.0, "precip1in_2050": 7.6 }, "geometry": { "type": "Polygon", "coordinates": [ [ [ -72.596564, 42.082825 ], [ -72.598115, 42.083122 ], [ -72.598343, 42.082422 ], [ -72.596794, 42.082137 ], [ -72.596564, 42.082825 ] ] ] } },
{ "type": "Feature", "properties": { "status": "new", "address": "158 Woodcrest Rd, Springfield, MA 01129", "price": "349900", "dom": "7", "pid": "F_387904_2865037", "hoa": "", "flood_ok": 500, "nri_heat": 19.1, "nri_wildfire": 38.4, "nri_drought": 73.4, "nri_risk": 7.7, "pm25": 7.66, "ozone": 58.74, "heat_2050": 1036.0, "precip1in_2050": 7.6 }, "geometry": { "type": "Polygon", "coordinates": [ [ [ -72.488393, 42.105362 ], [ -72.488474, 42.105747 ], [ -72.48882, 42.105706 ], [ -72.48874, 42.105325 ], [ -72.488393, 42.105362 ] ] ] } },
{ "type": "Feature", "properties": { "status": "new", "address": "37 Poplar Ln, Vernon, VT 05354", "price": "395000", "dom": "8", "pid": "666-211-11006", "hoa": "", "flood_ok": 1000, "nri_heat": 37.1, "nri_wildfire": 69.6, "nri_drought": 0.0, "nri_risk": 54.0, "pm25": 6.58, "ozone": 52.13, "heat_2050": 605.0, "precip1in_2050": 7.6 }, "geometry": { "type": "Polygon", "coordinates": [ [ [ -72.510812, 42.755224 ], [ -72.510681, 42.754786 ], [ -72.50948, 42.754433 ], [ -72.509627, 42.755125 ], [ -72.510812, 42.755224 ] ] ] } },
{ "type": "Feature", "properties": { "status": "new", "address": "1097 State Rd, North Adams, MA 01247", "price": "359900", "dom": "8", "pid": "M_62863_940342", "hoa": "", "flood_ok": 500, "nri_heat": 5.3, "nri_wildfire": 49.9, "nri_drought": 0.0, "nri_risk": 64.8, "pm25": 6.22, "ozone": 53.23, "heat_2050": 679.0, "precip1in_2050": 6.5 }, "geometry": { "type": "Polygon", "coordinates": [ [ [ -73.173627, 42.701956 ], [ -73.174004, 42.701848 ], [ -73.174058, 42.701187 ], [ -73.173713, 42.701169 ], [ -73.173627, 42.701956 ] ] ] } },
{ "type": "Feature", "properties": { "status": "new", "address": "7 Sunnyfield Dr, Jaffrey, NH 03452", "price": "306290", "dom": "4", "pid": "034111-245-88", "hoa": "", "flood_ok": 1000, "nri_heat": 42.8, "nri_wildfire": 65.7, "nri_drought": 0.0, "nri_risk": 56.4, "pm25": 5.13, "ozone": 53.05, "heat_2050": 771.0, "precip1in_2050": 5.5 }, "geometry": { "type": "Polygon", "coordinates": [ [ [ -72.019062, 42.819482 ], [ -72.019221, 42.819211 ], [ -72.018702, 42.81915 ], [ -72.018639, 42.819422 ], [ -72.019062, 42.819482 ] ] ] } }
]
}
